system_id,city,mode,operator,line,station_id,station_name,direction,service_type,survey_period_start,survey_period_end,time_interval,interval_label,demand_count,measure,unit,slow_count,fast_count,share_percent,total_services,authorised_entry_exit,unauthorised_entry_exit,trains_stopping_8_to_22,section_load,average_passengers_per_train,maximum_passengers_per_train,rated_capacity,total_ticket_counters,working_ticket_counters,queue_length_persons,average_queue_minutes,observation_date,peak_hour_label,peak_hour_passengers,section,aggregation_level,observation_type,basis,source_document,source_table,source_page,provenance,direction_source_label,service_type_source_label,source_table_note
mumbai-suburban-railway,Mumbai,SUBURBAN_RAIL,Western Railway / Central Railway (Indian Railways); study commissioned by MRVC,Entire suburban system (3 lines),,,UP,SLOW_AND_FAST,2012-02-11,2012-03-15,7:00 to 8:00,7:00 to 8:00,238514,passengers_travelling_in_peak_direction,passengers per 1-hour interval in the peak direction,161791.0,76723.0,10.4,,,,,,,,,,,,,,,,,line,derived_from_sample_survey,"in-train boarding/alighting survey of 310 services expanded coach->train then sample-services->all peak-period services; Table E-4 prints no per-hour service counts, only a column total (241 slow + 108 fast = 349 morning, 240 + 93 = 333 evening)",Mumbai Sub-urban Rail Passenger Surveys and Analysis (Executive Summary),Table E-4,10,PDF table extraction (hourly_travel),,,
mumbai-suburban-railway,Mumbai,SUBURBAN_RAIL,Western Railway / Central Railway (Indian Railways); study commissioned by MRVC,Entire suburban system (3 lines),,,UP,SLOW_AND_FAST,2012-02-11,2012-03-15,8:00 to 9:00,8:00 to 9:00,583288,passengers_travelling_in_peak_direction,passengers per 1-hour interval in the peak direction,362893.0,220395.0,25.5,,,,,,,,,,,,,,,,,line,derived_from_sample_survey,"in-train boarding/alighting survey of 310 services expanded coach->train then sample-services->all peak-period services; Table E-4 prints no per-hour service counts, only a column total (241 slow + 108 fast = 349 morning, 240 + 93 = 333 evening)",Mumbai Sub-urban Rail Passenger Surveys and Analysis (Executive Summary),Table E-4,10,PDF table extraction (hourly_travel),,,
mumbai-suburban-railway,Mumbai,SUBURBAN_RAIL,Western Railway / Central Railway (Indian Railways); study commissioned by MRVC,Entire suburban system (3 lines),,,UP,SLOW_AND_FAST,2012-02-11,2012-03-15,9:00 to 10:00,9:00 to 10:00,607846,passengers_travelling_in_peak_direction,passengers per 1-hour interval in the peak direction,363050.0,244796.0,26.5,,,,,,,,,,,,,,,,,line,derived_from_sample_survey,"in-train boarding/alighting survey of 310 services expanded coach->train then sample-services->all peak-period services; Table E-4 prints no per-hour service counts, only a column total (241 slow + 108 fast = 349 morning, 240 + 93 = 333 evening)",Mumbai Sub-urban Rail Passenger Surveys and Analysis (Executive Summary),Table E-4,10,PDF table extraction (hourly_travel),,,
mumbai-suburban-railway,Mumbai,SUBURBAN_RAIL,Western Railway / Central Railway (Indian Railways); study commissioned by MRVC,Entire suburban system (3 lines),,,UP,SLOW_AND_FAST,2012-02-11,2012-03-15,10:00 to 11:00,10:00 to 11:00,484871,passengers_travelling_in_peak_direction,passengers per 1-hour interval in the peak direction,312230.0,172641.0,21.2,,,,,,,,,,,,,,,,,line,derived_from_sample_survey,"in-train boarding/alighting survey of 310 services expanded coach->train then sample-services->all peak-period services; Table E-4 prints no per-hour service counts, only a column total (241 slow + 108 fast = 349 morning, 240 + 93 = 333 evening)",Mumbai Sub-urban Rail Passenger Surveys and Analysis (Executive Summary),Table E-4,10,PDF table extraction (hourly_travel),,,
mumbai-suburban-railway,Mumbai,SUBURBAN_RAIL,Western Railway / Central Railway (Indian Railways); study commissioned by MRVC,Entire suburban system (3 lines),,,UP,SLOW_AND_FAST,2012-02-11,2012-03-15,After 11.00,After 11.00,385469,passengers_travelling_in_peak_direction,passengers per 1-hour interval in the peak direction,225054.0,160415.0,16.8,,,,,,,,,,,,,,,,,line,derived_from_sample_survey,"in-train boarding/alighting survey of 310 services expanded coach->train then sample-services->all peak-period services; Table E-4 prints no per-hour service counts, only a column total (241 slow + 108 fast = 349 morning, 240 + 93 = 333 evening)",Mumbai Sub-urban Rail Passenger Surveys and Analysis (Executive Summary),Table E-4,10,PDF table extraction (hourly_travel),,,
mumbai-suburban-railway,Mumbai,SUBURBAN_RAIL,Western Railway / Central Railway (Indian Railways); study commissioned by MRVC,Entire suburban system (3 lines),,,DOWN,SLOW_AND_FAST,2012-02-11,2012-03-15,16.00: 17.00,16.00: 17.00,221556,passengers_travelling_in_peak_direction,passengers per 1-hour interval in the peak direction,169892.0,51664.0,9.9,,,,,,,,,,,,,,,,,line,derived_from_sample_survey,"in-train boarding/alighting survey of 310 services expanded coach->train then sample-services->all peak-period services; Table E-4 prints no per-hour service counts, only a column total (241 slow + 108 fast = 349 morning, 240 + 93 = 333 evening)",Mumbai Sub-urban Rail Passenger Surveys and Analysis (Executive Summary),Table E-4,10,PDF table extraction (hourly_travel),,,
mumbai-suburban-railway,Mumbai,SUBURBAN_RAIL,Western Railway / Central Railway (Indian Railways); study commissioned by MRVC,Entire suburban system (3 lines),,,DOWN,SLOW_AND_FAST,2012-02-11,2012-03-15,17.00: 18.00,17.00: 18.00,450425,passengers_travelling_in_peak_direction,passengers per 1-hour interval in the peak direction,331270.0,119155.0,20.1,,,,,,,,,,,,,,,,,line,derived_from_sample_survey,"in-train boarding/alighting survey of 310 services expanded coach->train then sample-services->all peak-period services; Table E-4 prints no per-hour service counts, only a column total (241 slow + 108 fast = 349 morning, 240 + 93 = 333 evening)",Mumbai Sub-urban Rail Passenger Surveys and Analysis (Executive Summary),Table E-4,10,PDF table extraction (hourly_travel),,,
mumbai-suburban-railway,Mumbai,SUBURBAN_RAIL,Western Railway / Central Railway (Indian Railways); study commissioned by MRVC,Entire suburban system (3 lines),,,DOWN,SLOW_AND_FAST,2012-02-11,2012-03-15,18.00: 19.00,18.00: 19.00,587437,passengers_travelling_in_peak_direction,passengers per 1-hour interval in the peak direction,381422.0,206015.0,26.2,,,,,,,,,,,,,,,,,line,derived_from_sample_survey,"in-train boarding/alighting survey of 310 services expanded coach->train then sample-services->all peak-period services; Table E-4 prints no per-hour service counts, only a column total (241 slow + 108 fast = 349 morning, 240 + 93 = 333 evening)",Mumbai Sub-urban Rail Passenger Surveys and Analysis (Executive Summary),Table E-4,10,PDF table extraction (hourly_travel),,,
mumbai-suburban-railway,Mumbai,SUBURBAN_RAIL,Western Railway / Central Railway (Indian Railways); study commissioned by MRVC,Entire suburban system (3 lines),,,DOWN,SLOW_AND_FAST,2012-02-11,2012-03-15,19.00 - 20.00,19.00 - 20.00,530358,passengers_travelling_in_peak_direction,passengers per 1-hour interval in the peak direction,327490.0,202868.0,23.6,,,,,,,,,,,,,,,,,line,derived_from_sample_survey,"in-train boarding/alighting survey of 310 services expanded coach->train then sample-services->all peak-period services; Table E-4 prints no per-hour service counts, only a column total (241 slow + 108 fast = 349 morning, 240 + 93 = 333 evening)",Mumbai Sub-urban Rail Passenger Surveys and Analysis (Executive Summary),Table E-4,10,PDF table extraction (hourly_travel),,,
mumbai-suburban-railway,Mumbai,SUBURBAN_RAIL,Western Railway / Central Railway (Indian Railways); study commissioned by MRVC,Entire suburban system (3 lines),,,DOWN,SLOW_AND_FAST,2012-02-11,2012-03-15,After 20.00,After 20.00,453178,passengers_travelling_in_peak_direction,passengers per 1-hour interval in the peak direction,286495.0,166683.0,20.2,,,,,,,,,,,,,,,,,line,derived_from_sample_survey,"in-train boarding/alighting survey of 310 services expanded coach->train then sample-services->all peak-period services; Table E-4 prints no per-hour service counts, only a column total (241 slow + 108 fast = 349 morning, 240 + 93 = 333 evening)",Mumbai Sub-urban Rail Passenger Surveys and Analysis (Executive Summary),Table E-4,10,PDF table extraction (hourly_travel),,,
mumbai-suburban-railway,Mumbai,SUBURBAN_RAIL,Western Railway / Central Railway (Indian Railways); study commissioned by MRVC,Entire suburban system (3 lines),,,UP,SLOW_AND_FAST,2012-02-11,2012-03-15,peak period total (as printed),peak period total (as printed),2291376,passengers_travelling_peak_period_total,passengers per sampled peak period in the peak direction,,,,0.0,,,,,,,,,,,,,,,,line,derived_from_sample_survey,table's own printed Total Passengers / Total Services row; per-hour train counts are not additive because a train can be running in two consecutive hours,Mumbai Sub-urban Rail Passenger Surveys and Analysis (Executive Summary),Table E-4,10,PDF table extraction (hourly_travel),,,
mumbai-suburban-railway,Mumbai,SUBURBAN_RAIL,Western Railway / Central Railway (Indian Railways); study commissioned by MRVC,Entire suburban system (3 lines),,,DOWN,SLOW_AND_FAST,2012-02-11,2012-03-15,peak period total (as printed),peak period total (as printed),2242948,passengers_travelling_peak_period_total,passengers per sampled peak period in the peak direction,,,,0.0,,,,,,,,,,,,,,,,line,derived_from_sample_survey,table's own printed Total Passengers / Total Services row; per-hour train counts are not additive because a train can be running in two consecutive hours,Mumbai Sub-urban Rail Passenger Surveys and Analysis (Executive Summary),Table E-4,10,PDF table extraction (hourly_travel),,,
mumbai-suburban-railway,Mumbai,SUBURBAN_RAIL,Western Railway / Central Railway (Indian Railways); study commissioned by MRVC,Western Line,,,UP,SLOW_AND_FAST,2012-02-11,2012-03-15,7:00 to 8:00,7:00 to 8:00,100559,passengers_travelling_in_peak_direction,passengers per 1-hour interval in the peak direction,49131.0,51428.0,,30.0,,,,,,,,,,,,,,,,line,derived_from_sample_survey,in-train boarding/alighting survey expanded to all peak-period services,Mumbai Sub-urban Rail Passenger Surveys and Analysis (Executive Summary),Table E-5,10,PDF table extraction (hourly_travel),,,
mumbai-suburban-railway,Mumbai,SUBURBAN_RAIL,Western Railway / Central Railway (Indian Railways); study commissioned by MRVC,Western Line,,,UP,SLOW_AND_FAST,2012-02-11,2012-03-15,8:00 to 9:00,8:00 to 9:00,272097,passengers_travelling_in_peak_direction,passengers per 1-hour interval in the peak direction,143312.0,128785.0,,66.0,,,,,,,,,,,,,,,,line,derived_from_sample_survey,in-train boarding/alighting survey expanded to all peak-period services,Mumbai Sub-urban Rail Passenger Surveys and Analysis (Executive Summary),Table E-5,10,PDF table extraction (hourly_travel),,,
mumbai-suburban-railway,Mumbai,SUBURBAN_RAIL,Western Railway / Central Railway (Indian Railways); study commissioned by MRVC,Western Line,,,UP,SLOW_AND_FAST,2012-02-11,2012-03-15,9:00 to 10:00,9:00 to 10:00,299318,passengers_travelling_in_peak_direction,passengers per 1-hour interval in the peak direction,147109.0,152209.0,,69.0,,,,,,,,,,,,,,,,line,derived_from_sample_survey,in-train boarding/alighting survey expanded to all peak-period services,Mumbai Sub-urban Rail Passenger Surveys and Analysis (Executive Summary),Table E-5,10,PDF table extraction (hourly_travel),,,
mumbai-suburban-railway,Mumbai,SUBURBAN_RAIL,Western Railway / Central Railway (Indian Railways); study commissioned by MRVC,Western Line,,,UP,SLOW_AND_FAST,2012-02-11,2012-03-15,10:00 to 11:00,10:00 to 11:00,242102,passengers_travelling_in_peak_direction,passengers per 1-hour interval in the peak direction,117087.0,125015.0,,64.0,,,,,,,,,,,,,,,,line,derived_from_sample_survey,in-train boarding/alighting survey expanded to all peak-period services,Mumbai Sub-urban Rail Passenger Surveys and Analysis (Executive Summary),Table E-5,10,PDF table extraction (hourly_travel),,,
mumbai-suburban-railway,Mumbai,SUBURBAN_RAIL,Western Railway / Central Railway (Indian Railways); study commissioned by MRVC,Western Line,,,UP,SLOW_AND_FAST,2012-02-11,2012-03-15,After 11.00,After 11.00,210095,passengers_travelling_in_peak_direction,passengers per 1-hour interval in the peak direction,92881.0,117215.0,,45.0,,,,,,,,,,,,,,,,line,derived_from_sample_survey,in-train boarding/alighting survey expanded to all peak-period services,Mumbai Sub-urban Rail Passenger Surveys and Analysis (Executive Summary),Table E-5,10,PDF table extraction (hourly_travel),,,
mumbai-suburban-railway,Mumbai,SUBURBAN_RAIL,Western Railway / Central Railway (Indian Railways); study commissioned by MRVC,Western Line,,,DOWN,SLOW_AND_FAST,2012-02-11,2012-03-15,16.00: 17.00,16.00: 17.00,82858,passengers_travelling_in_peak_direction,passengers per 1-hour interval in the peak direction,44897.0,37961.0,,21.0,,,,,,,,,,,,,,,,line,derived_from_sample_survey,in-train boarding/alighting survey expanded to all peak-period services,Mumbai Sub-urban Rail Passenger Surveys and Analysis (Executive Summary),Table E-5,10,PDF table extraction (hourly_travel),,,
mumbai-suburban-railway,Mumbai,SUBURBAN_RAIL,Western Railway / Central Railway (Indian Railways); study commissioned by MRVC,Western Line,,,DOWN,SLOW_AND_FAST,2012-02-11,2012-03-15,17.00: 18.00,17.00: 18.00,203393,passengers_travelling_in_peak_direction,passengers per 1-hour interval in the peak direction,125805.0,77588.0,,52.0,,,,,,,,,,,,,,,,line,derived_from_sample_survey,in-train boarding/alighting survey expanded to all peak-period services,Mumbai Sub-urban Rail Passenger Surveys and Analysis (Executive Summary),Table E-5,10,PDF table extraction (hourly_travel),,,
mumbai-suburban-railway,Mumbai,SUBURBAN_RAIL,Western Railway / Central Railway (Indian Railways); study commissioned by MRVC,Western Line,,,DOWN,SLOW_AND_FAST,2012-02-11,2012-03-15,18.00: 19.00,18.00: 19.00,274862,passengers_travelling_in_peak_direction,passengers per 1-hour interval in the peak direction,151478.0,123384.0,,62.0,,,,,,,,,,,,,,,,line,derived_from_sample_survey,in-train boarding/alighting survey expanded to all peak-period services,Mumbai Sub-urban Rail Passenger Surveys and Analysis (Executive Summary),Table E-5,10,PDF table extraction (hourly_travel),,,
mumbai-suburban-railway,Mumbai,SUBURBAN_RAIL,Western Railway / Central Railway (Indian Railways); study commissioned by MRVC,Western Line,,,DOWN,SLOW_AND_FAST,2012-02-11,2012-03-15,19.00 - 20.00,19.00 - 20.00,232413,passengers_travelling_in_peak_direction,passengers per 1-hour interval in the peak direction,117460.0,114953.0,,61.0,,,,,,,,,,,,,,,,line,derived_from_sample_survey,in-train boarding/alighting survey expanded to all peak-period services,Mumbai Sub-urban Rail Passenger Surveys and Analysis (Executive Summary),Table E-5,10,PDF table extraction (hourly_travel),,,
mumbai-suburban-railway,Mumbai,SUBURBAN_RAIL,Western Railway / Central Railway (Indian Railways); study commissioned by MRVC,Western Line,,,DOWN,SLOW_AND_FAST,2012-02-11,2012-03-15,After 20.00,After 20.00,224372,passengers_travelling_in_peak_direction,passengers per 1-hour interval in the peak direction,123171.0,101201.0,,51.0,,,,,,,,,,,,,,,,line,derived_from_sample_survey,in-train boarding/alighting survey expanded to all peak-period services,Mumbai Sub-urban Rail Passenger Surveys and Analysis (Executive Summary),Table E-5,10,PDF table extraction (hourly_travel),,,
mumbai-suburban-railway,Mumbai,SUBURBAN_RAIL,Western Railway / Central Railway (Indian Railways); study commissioned by MRVC,Western Line,,,UP,SLOW_AND_FAST,2012-02-11,2012-03-15,peak period total (as printed),peak period total (as printed),1124170,passengers_travelling_peak_period_total,passengers per sampled peak period in the peak direction,,,,153.0,,,,,,,,,,,,,,,,line,derived_from_sample_survey,table's own printed Total Passengers / Total Services row; per-hour train counts are not additive because a train can be running in two consecutive hours,Mumbai Sub-urban Rail Passenger Surveys and Analysis (Executive Summary),Table E-5,10,PDF table extraction (hourly_travel),,,
mumbai-suburban-railway,Mumbai,SUBURBAN_RAIL,Western Railway / Central Railway (Indian Railways); study commissioned by MRVC,Western Line,,,DOWN,SLOW_AND_FAST,2012-02-11,2012-03-15,peak period total (as printed),peak period total (as printed),1017897,passengers_travelling_peak_period_total,passengers per sampled peak period in the peak direction,,,,134.0,,,,,,,,,,,,,,,,line,derived_from_sample_survey,table's own printed Total Passengers / Total Services row; per-hour train counts are not additive because a train can be running in two consecutive hours,Mumbai Sub-urban Rail Passenger Surveys and Analysis (Executive Summary),Table E-5,10,PDF table extraction (hourly_travel),,,
mumbai-suburban-railway,Mumbai,SUBURBAN_RAIL,Western Railway / Central Railway (Indian Railways); study commissioned by MRVC,Virar-Dhanu Road Line,,,UP,SLOW_AND_FAST,2013-06-17,2013-06-18,07:00 to 08:00,07:00 to 08:00,1933,passengers_travelling_in_peak_direction,passengers boarding/alighting per 1-hour interval,,,,7.0,,,,,,,,,,,,,,,,line,derived_from_sample_survey,limited Virar-Dhanu Road surveys plus secondary data provided by MRVC,Mumbai Sub-urban Rail Passenger Surveys and Analysis (Executive Summary),Table E-6,11,PDF table extraction (hourly_travel),,,
mumbai-suburban-railway,Mumbai,SUBURBAN_RAIL,Western Railway / Central Railway (Indian Railways); study commissioned by MRVC,Virar-Dhanu Road Line,,,UP,SLOW_AND_FAST,2013-06-17,2013-06-18,08:00 to 09:00,08:00 to 09:00,3179,passengers_travelling_in_peak_direction,passengers boarding/alighting per 1-hour interval,,,,6.0,,,,,,,,,,,,,,,,line,derived_from_sample_survey,limited Virar-Dhanu Road surveys plus secondary data provided by MRVC,Mumbai Sub-urban Rail Passenger Surveys and Analysis (Executive Summary),Table E-6,11,PDF table extraction (hourly_travel),,,
mumbai-suburban-railway,Mumbai,SUBURBAN_RAIL,Western Railway / Central Railway (Indian Railways); study commissioned by MRVC,Virar-Dhanu Road Line,,,UP,SLOW_AND_FAST,2013-06-17,2013-06-18,09:00 to 10:00,09:00 to 10:00,4655,passengers_travelling_in_peak_direction,passengers boarding/alighting per 1-hour interval,,,,12.0,,,,,,,,,,,,,,,,line,derived_from_sample_survey,limited Virar-Dhanu Road surveys plus secondary data provided by MRVC,Mumbai Sub-urban Rail Passenger Surveys and Analysis (Executive Summary),Table E-6,11,PDF table extraction (hourly_travel),,,
mumbai-suburban-railway,Mumbai,SUBURBAN_RAIL,Western Railway / Central Railway (Indian Railways); study commissioned by MRVC,Virar-Dhanu Road Line,,,UP,SLOW_AND_FAST,2013-06-17,2013-06-18,10:00 to 11:00,10:00 to 11:00,4073,passengers_travelling_in_peak_direction,passengers boarding/alighting per 1-hour interval,,,,6.0,,,,,,,,,,,,,,,,line,derived_from_sample_survey,limited Virar-Dhanu Road surveys plus secondary data provided by MRVC,Mumbai Sub-urban Rail Passenger Surveys and Analysis (Executive Summary),Table E-6,11,PDF table extraction (hourly_travel),,,
mumbai-suburban-railway,Mumbai,SUBURBAN_RAIL,Western Railway / Central Railway (Indian Railways); study commissioned by MRVC,Virar-Dhanu Road Line,,,UP,SLOW_AND_FAST,2013-06-17,2013-06-18,After 11.00,After 11.00,3460,passengers_travelling_in_peak_direction,passengers boarding/alighting per 1-hour interval,,,,8.0,,,,,,,,,,,,,,,,line,derived_from_sample_survey,limited Virar-Dhanu Road surveys plus secondary data provided by MRVC,Mumbai Sub-urban Rail Passenger Surveys and Analysis (Executive Summary),Table E-6,11,PDF table extraction (hourly_travel),,,
mumbai-suburban-railway,Mumbai,SUBURBAN_RAIL,Western Railway / Central Railway (Indian Railways); study commissioned by MRVC,Virar-Dhanu Road Line,,,DOWN,SLOW_AND_FAST,2013-06-17,2013-06-18,16.00: 17.00,16.00: 17.00,975,passengers_travelling_in_peak_direction,passengers boarding/alighting per 1-hour interval,,,,3.0,,,,,,,,,,,,,,,,line,derived_from_sample_survey,limited Virar-Dhanu Road surveys plus secondary data provided by MRVC,Mumbai Sub-urban Rail Passenger Surveys and Analysis (Executive Summary),Table E-6,11,PDF table extraction (hourly_travel),,,
mumbai-suburban-railway,Mumbai,SUBURBAN_RAIL,Western Railway / Central Railway (Indian Railways); study commissioned by MRVC,Virar-Dhanu Road Line,,,DOWN,SLOW_AND_FAST,2013-06-17,2013-06-18,17.00: 18.00,17.00: 18.00,3678,passengers_travelling_in_peak_direction,passengers boarding/alighting per 1-hour interval,,,,10.0,,,,,,,,,,,,,,,,line,derived_from_sample_survey,limited Virar-Dhanu Road surveys plus secondary data provided by MRVC,Mumbai Sub-urban Rail Passenger Surveys and Analysis (Executive Summary),Table E-6,11,PDF table extraction (hourly_travel),,,
mumbai-suburban-railway,Mumbai,SUBURBAN_RAIL,Western Railway / Central Railway (Indian Railways); study commissioned by MRVC,Virar-Dhanu Road Line,,,DOWN,SLOW_AND_FAST,2013-06-17,2013-06-18,18.00: 19.00,18.00: 19.00,7578,passengers_travelling_in_peak_direction,passengers boarding/alighting per 1-hour interval,,,,11.0,,,,,,,,,,,,,,,,line,derived_from_sample_survey,limited Virar-Dhanu Road surveys plus secondary data provided by MRVC,Mumbai Sub-urban Rail Passenger Surveys and Analysis (Executive Summary),Table E-6,11,PDF table extraction (hourly_travel),,,
mumbai-suburban-railway,Mumbai,SUBURBAN_RAIL,Western Railway / Central Railway (Indian Railways); study commissioned by MRVC,Virar-Dhanu Road Line,,,DOWN,SLOW_AND_FAST,2013-06-17,2013-06-18,19.00 - 20.00,19.00 - 20.00,2860,passengers_travelling_in_peak_direction,passengers boarding/alighting per 1-hour interval,,,,5.0,,,,,,,,,,,,,,,,line,derived_from_sample_survey,limited Virar-Dhanu Road surveys plus secondary data provided by MRVC,Mumbai Sub-urban Rail Passenger Surveys and Analysis (Executive Summary),Table E-6,11,PDF table extraction (hourly_travel),,,
mumbai-suburban-railway,Mumbai,SUBURBAN_RAIL,Western Railway / Central Railway (Indian Railways); study commissioned by MRVC,Virar-Dhanu Road Line,,,DOWN,SLOW_AND_FAST,2013-06-17,2013-06-18,After 20.00,After 20.00,4811,passengers_travelling_in_peak_direction,passengers boarding/alighting per 1-hour interval,,,,10.0,,,,,,,,,,,,,,,,line,derived_from_sample_survey,limited Virar-Dhanu Road surveys plus secondary data provided by MRVC,Mumbai Sub-urban Rail Passenger Surveys and Analysis (Executive Summary),Table E-6,11,PDF table extraction (hourly_travel),,,
mumbai-suburban-railway,Mumbai,SUBURBAN_RAIL,Western Railway / Central Railway (Indian Railways); study commissioned by MRVC,Virar-Dhanu Road Line,,,UP,SLOW_AND_FAST,2013-06-17,2013-06-18,peak period total (as printed),peak period total (as printed),17298,passengers_travelling_peak_period_total,passengers boarding/alighting per sampled peak period,,,,38.0,,,,,,,,,,,,,,,,line,derived_from_sample_survey,table's own printed Total Passengers / Total Services row; per-hour train counts are not additive because a train can be running in two consecutive hours,Mumbai Sub-urban Rail Passenger Surveys and Analysis (Executive Summary),Table E-6,11,PDF table extraction (hourly_travel),,,
mumbai-suburban-railway,Mumbai,SUBURBAN_RAIL,Western Railway / Central Railway (Indian Railways); study commissioned by MRVC,Virar-Dhanu Road Line,,,DOWN,SLOW_AND_FAST,2013-06-17,2013-06-18,peak period total (as printed),peak period total (as printed),19901,passengers_travelling_peak_period_total,passengers boarding/alighting per sampled peak period,,,,39.0,,,,,,,,,,,,,,,,line,derived_from_sample_survey,table's own printed Total Passengers / Total Services row; per-hour train counts are not additive because a train can be running in two consecutive hours,Mumbai Sub-urban Rail Passenger Surveys and Analysis (Executive Summary),Table E-6,11,PDF table extraction (hourly_travel),,,
mumbai-suburban-railway,Mumbai,SUBURBAN_RAIL,Western Railway / Central Railway (Indian Railways); study commissioned by MRVC,Central Line,,,UP,SLOW_AND_FAST,2012-02-11,2012-03-15,7:00 to 8:00,7:00 to 8:00,61652,passengers_travelling_in_peak_direction,passengers per 1-hour interval in the peak direction,36358.0,25295.0,,25.0,,,,,,,,,,,,,,,,line,derived_from_sample_survey,in-train boarding/alighting survey expanded to all peak-period services,Mumbai Sub-urban Rail Passenger Surveys and Analysis (Executive Summary),Table E-7,11,PDF table extraction (hourly_travel),,,
mumbai-suburban-railway,Mumbai,SUBURBAN_RAIL,Western Railway / Central Railway (Indian Railways); study commissioned by MRVC,Central Line,,,UP,SLOW_AND_FAST,2012-02-11,2012-03-15,8:00 to 9:00,8:00 to 9:00,189282,passengers_travelling_in_peak_direction,passengers per 1-hour interval in the peak direction,97673.0,91610.0,,47.0,,,,,,,,,,,,,,,,line,derived_from_sample_survey,in-train boarding/alighting survey expanded to all peak-period services,Mumbai Sub-urban Rail Passenger Surveys and Analysis (Executive Summary),Table E-7,11,PDF table extraction (hourly_travel),,,
mumbai-suburban-railway,Mumbai,SUBURBAN_RAIL,Western Railway / Central Railway (Indian Railways); study commissioned by MRVC,Central Line,,,UP,SLOW_AND_FAST,2012-02-11,2012-03-15,9:00 to 10:00,9:00 to 10:00,213846,passengers_travelling_in_peak_direction,passengers per 1-hour interval in the peak direction,121259.0,92587.0,,56.0,,,,,,,,,,,,,,,,line,derived_from_sample_survey,in-train boarding/alighting survey expanded to all peak-period services,Mumbai Sub-urban Rail Passenger Surveys and Analysis (Executive Summary),Table E-7,11,PDF table extraction (hourly_travel),,,
mumbai-suburban-railway,Mumbai,SUBURBAN_RAIL,Western Railway / Central Railway (Indian Railways); study commissioned by MRVC,Central Line,,,UP,SLOW_AND_FAST,2012-02-11,2012-03-15,10:00 to 11:00,10:00 to 11:00,158264,passengers_travelling_in_peak_direction,passengers per 1-hour interval in the peak direction,110638.0,47626.0,,51.0,,,,,,,,,,,,,,,,line,derived_from_sample_survey,in-train boarding/alighting survey expanded to all peak-period services,Mumbai Sub-urban Rail Passenger Surveys and Analysis (Executive Summary),Table E-7,11,PDF table extraction (hourly_travel),,,
mumbai-suburban-railway,Mumbai,SUBURBAN_RAIL,Western Railway / Central Railway (Indian Railways); study commissioned by MRVC,Central Line,,,UP,SLOW_AND_FAST,2012-02-11,2012-03-15,After 11.00,After 11.00,137860,passengers_travelling_in_peak_direction,passengers per 1-hour interval in the peak direction,103267.0,34594.0,,27.0,,,,,,,,,,,,,,,,line,derived_from_sample_survey,in-train boarding/alighting survey expanded to all peak-period services,Mumbai Sub-urban Rail Passenger Surveys and Analysis (Executive Summary),Table E-7,11,PDF table extraction (hourly_travel),,,
mumbai-suburban-railway,Mumbai,SUBURBAN_RAIL,Western Railway / Central Railway (Indian Railways); study commissioned by MRVC,Central Line,,,DOWN,SLOW_AND_FAST,2012-02-11,2012-03-15,16.00: 17.00,16.00: 17.00,59098,passengers_travelling_in_peak_direction,passengers per 1-hour interval in the peak direction,45395.0,13703.0,,19.0,,,,,,,,,,,,,,,,line,derived_from_sample_survey,in-train boarding/alighting survey expanded to all peak-period services,Mumbai Sub-urban Rail Passenger Surveys and Analysis (Executive Summary),Table E-7,11,PDF table extraction (hourly_travel),,,
mumbai-suburban-railway,Mumbai,SUBURBAN_RAIL,Western Railway / Central Railway (Indian Railways); study commissioned by MRVC,Central Line,,,DOWN,SLOW_AND_FAST,2012-02-11,2012-03-15,17.00: 18.00,17.00: 18.00,148503,passengers_travelling_in_peak_direction,passengers per 1-hour interval in the peak direction,106936.0,41567.0,,40.0,,,,,,,,,,,,,,,,line,derived_from_sample_survey,in-train boarding/alighting survey expanded to all peak-period services,Mumbai Sub-urban Rail Passenger Surveys and Analysis (Executive Summary),Table E-7,11,PDF table extraction (hourly_travel),,,
mumbai-suburban-railway,Mumbai,SUBURBAN_RAIL,Western Railway / Central Railway (Indian Railways); study commissioned by MRVC,Central Line,,,DOWN,SLOW_AND_FAST,2012-02-11,2012-03-15,18.00: 19.00,18.00: 19.00,186189,passengers_travelling_in_peak_direction,passengers per 1-hour interval in the peak direction,103558.0,82631.0,,51.0,,,,,,,,,,,,,,,,line,derived_from_sample_survey,in-train boarding/alighting survey expanded to all peak-period services,Mumbai Sub-urban Rail Passenger Surveys and Analysis (Executive Summary),Table E-7,11,PDF table extraction (hourly_travel),,,
mumbai-suburban-railway,Mumbai,SUBURBAN_RAIL,Western Railway / Central Railway (Indian Railways); study commissioned by MRVC,Central Line,,,DOWN,SLOW_AND_FAST,2012-02-11,2012-03-15,19.00 - 20.00,19.00 - 20.00,187293,passengers_travelling_in_peak_direction,passengers per 1-hour interval in the peak direction,99378.0,87915.0,,57.0,,,,,,,,,,,,,,,,line,derived_from_sample_survey,in-train boarding/alighting survey expanded to all peak-period services,Mumbai Sub-urban Rail Passenger Surveys and Analysis (Executive Summary),Table E-7,11,PDF table extraction (hourly_travel),,,
mumbai-suburban-railway,Mumbai,SUBURBAN_RAIL,Western Railway / Central Railway (Indian Railways); study commissioned by MRVC,Central Line,,,DOWN,SLOW_AND_FAST,2012-02-11,2012-03-15,After 20.00,After 20.00,180663,passengers_travelling_in_peak_direction,passengers per 1-hour interval in the peak direction,115182.0,65482.0,,38.0,,,,,,,,,,,,,,,,line,derived_from_sample_survey,in-train boarding/alighting survey expanded to all peak-period services,Mumbai Sub-urban Rail Passenger Surveys and Analysis (Executive Summary),Table E-7,11,PDF table extraction (hourly_travel),,,
mumbai-suburban-railway,Mumbai,SUBURBAN_RAIL,Western Railway / Central Railway (Indian Railways); study commissioned by MRVC,Central Line,,,UP,SLOW_AND_FAST,2012-02-11,2012-03-15,peak period total (as printed),peak period total (as printed),760904,passengers_travelling_peak_period_total,passengers per sampled peak period in the peak direction,,,,101.0,,,,,,,,,,,,,,,,line,derived_from_sample_survey,table's own printed Total Passengers / Total Services row; per-hour train counts are not additive because a train can be running in two consecutive hours,Mumbai Sub-urban Rail Passenger Surveys and Analysis (Executive Summary),Table E-7,11,PDF table extraction (hourly_travel),,,
mumbai-suburban-railway,Mumbai,SUBURBAN_RAIL,Western Railway / Central Railway (Indian Railways); study commissioned by MRVC,Central Line,,,DOWN,SLOW_AND_FAST,2012-02-11,2012-03-15,peak period total (as printed),peak period total (as printed),761745,passengers_travelling_peak_period_total,passengers per sampled peak period in the peak direction,,,,99.0,,,,,,,,,,,,,,,,line,derived_from_sample_survey,table's own printed Total Passengers / Total Services row; per-hour train counts are not additive because a train can be running in two consecutive hours,Mumbai Sub-urban Rail Passenger Surveys and Analysis (Executive Summary),Table E-7,11,PDF table extraction (hourly_travel),,,
mumbai-suburban-railway,Mumbai,SUBURBAN_RAIL,Western Railway / Central Railway (Indian Railways); study commissioned by MRVC,Harbour Line (Main Harbour + Trans Harbour),,,UP,SLOW_AND_FAST,2012-02-11,2012-03-15,7:00 to 8:00,7:00 to 8:00,76302,passengers_travelling_in_peak_direction,passengers per 1-hour interval in the peak direction,,,,19.0,,,,,,,,,,,,,,,,line,derived_from_sample_survey,in-train boarding/alighting survey expanded to all peak-period services,Mumbai Sub-urban Rail Passenger Surveys and Analysis (Executive Summary),Table E-8,11,PDF table extraction (hourly_travel),,,
mumbai-suburban-railway,Mumbai,SUBURBAN_RAIL,Western Railway / Central Railway (Indian Railways); study commissioned by MRVC,Harbour Line (Main Harbour + Trans Harbour),,,UP,SLOW_AND_FAST,2012-02-11,2012-03-15,8:00 to 9:00,8:00 to 9:00,121908,passengers_travelling_in_peak_direction,passengers per 1-hour interval in the peak direction,,,,39.0,,,,,,,,,,,,,,,,line,derived_from_sample_survey,in-train boarding/alighting survey expanded to all peak-period services,Mumbai Sub-urban Rail Passenger Surveys and Analysis (Executive Summary),Table E-8,11,PDF table extraction (hourly_travel),,,
mumbai-suburban-railway,Mumbai,SUBURBAN_RAIL,Western Railway / Central Railway (Indian Railways); study commissioned by MRVC,Harbour Line (Main Harbour + Trans Harbour),,,UP,SLOW_AND_FAST,2012-02-11,2012-03-15,9:00 to 10:00,9:00 to 10:00,94682,passengers_travelling_in_peak_direction,passengers per 1-hour interval in the peak direction,,,,39.0,,,,,,,,,,,,,,,,line,derived_from_sample_survey,in-train boarding/alighting survey expanded to all peak-period services,Mumbai Sub-urban Rail Passenger Surveys and Analysis (Executive Summary),Table E-8,11,PDF table extraction (hourly_travel),,,
mumbai-suburban-railway,Mumbai,SUBURBAN_RAIL,Western Railway / Central Railway (Indian Railways); study commissioned by MRVC,Harbour Line (Main Harbour + Trans Harbour),,,UP,SLOW_AND_FAST,2012-02-11,2012-03-15,10:00 to 11:00,10:00 to 11:00,84505,passengers_travelling_in_peak_direction,passengers per 1-hour interval in the peak direction,,,,38.0,,,,,,,,,,,,,,,,line,derived_from_sample_survey,in-train boarding/alighting survey expanded to all peak-period services,Mumbai Sub-urban Rail Passenger Surveys and Analysis (Executive Summary),Table E-8,11,PDF table extraction (hourly_travel),,,
mumbai-suburban-railway,Mumbai,SUBURBAN_RAIL,Western Railway / Central Railway (Indian Railways); study commissioned by MRVC,Harbour Line (Main Harbour + Trans Harbour),,,UP,SLOW_AND_FAST,2012-02-11,2012-03-15,After 11.00,After 11.00,28906,passengers_travelling_in_peak_direction,passengers per 1-hour interval in the peak direction,,,,23.0,,,,,,,,,,,,,,,,line,derived_from_sample_survey,in-train boarding/alighting survey expanded to all peak-period services,Mumbai Sub-urban Rail Passenger Surveys and Analysis (Executive Summary),Table E-8,11,PDF table extraction (hourly_travel),,,
mumbai-suburban-railway,Mumbai,SUBURBAN_RAIL,Western Railway / Central Railway (Indian Railways); study commissioned by MRVC,Harbour Line (Main Harbour + Trans Harbour),,,DOWN,SLOW_AND_FAST,2012-02-11,2012-03-15,16.00: 17.00,16.00: 17.00,79600,passengers_travelling_in_peak_direction,passengers per 1-hour interval in the peak direction,,,,22.0,,,,,,,,,,,,,,,,line,derived_from_sample_survey,in-train boarding/alighting survey expanded to all peak-period services,Mumbai Sub-urban Rail Passenger Surveys and Analysis (Executive Summary),Table E-8,11,PDF table extraction (hourly_travel),,,
mumbai-suburban-railway,Mumbai,SUBURBAN_RAIL,Western Railway / Central Railway (Indian Railways); study commissioned by MRVC,Harbour Line (Main Harbour + Trans Harbour),,,DOWN,SLOW_AND_FAST,2012-02-11,2012-03-15,17.00: 18.00,17.00: 18.00,98529,passengers_travelling_in_peak_direction,passengers per 1-hour interval in the peak direction,,,,39.0,,,,,,,,,,,,,,,,line,derived_from_sample_survey,in-train boarding/alighting survey expanded to all peak-period services,Mumbai Sub-urban Rail Passenger Surveys and Analysis (Executive Summary),Table E-8,11,PDF table extraction (hourly_travel),,,
mumbai-suburban-railway,Mumbai,SUBURBAN_RAIL,Western Railway / Central Railway (Indian Railways); study commissioned by MRVC,Harbour Line (Main Harbour + Trans Harbour),,,DOWN,SLOW_AND_FAST,2012-02-11,2012-03-15,18.00: 19.00,18.00: 19.00,126386,passengers_travelling_in_peak_direction,passengers per 1-hour interval in the peak direction,,,,43.0,,,,,,,,,,,,,,,,line,derived_from_sample_survey,in-train boarding/alighting survey expanded to all peak-period services,Mumbai Sub-urban Rail Passenger Surveys and Analysis (Executive Summary),Table E-8,11,PDF table extraction (hourly_travel),,,
mumbai-suburban-railway,Mumbai,SUBURBAN_RAIL,Western Railway / Central Railway (Indian Railways); study commissioned by MRVC,Harbour Line (Main Harbour + Trans Harbour),,,DOWN,SLOW_AND_FAST,2012-02-11,2012-03-15,19.00 - 20.00,19.00 - 20.00,110652,passengers_travelling_in_peak_direction,passengers per 1-hour interval in the peak direction,,,,42.0,,,,,,,,,,,,,,,,line,derived_from_sample_survey,in-train boarding/alighting survey expanded to all peak-period services,Mumbai Sub-urban Rail Passenger Surveys and Analysis (Executive Summary),Table E-8,11,PDF table extraction (hourly_travel),,,
mumbai-suburban-railway,Mumbai,SUBURBAN_RAIL,Western Railway / Central Railway (Indian Railways); study commissioned by MRVC,Harbour Line (Main Harbour + Trans Harbour),,,DOWN,SLOW_AND_FAST,2012-02-11,2012-03-15,After 20.00,After 20.00,48142,passengers_travelling_in_peak_direction,passengers per 1-hour interval in the peak direction,,,,30.0,,,,,,,,,,,,,,,,line,derived_from_sample_survey,in-train boarding/alighting survey expanded to all peak-period services,Mumbai Sub-urban Rail Passenger Surveys and Analysis (Executive Summary),Table E-8,11,PDF table extraction (hourly_travel),,,
mumbai-suburban-railway,Mumbai,SUBURBAN_RAIL,Western Railway / Central Railway (Indian Railways); study commissioned by MRVC,Harbour Line (Main Harbour + Trans Harbour),,,UP,SLOW_AND_FAST,2012-02-11,2012-03-15,peak period total (as printed),peak period total (as printed),406303,passengers_travelling_peak_period_total,passengers per sampled peak period in the peak direction,,,,158.0,,,,,,,,,,,,,,,,line,derived_from_sample_survey,table's own printed Total Passengers / Total Services row; per-hour train counts are not additive because a train can be running in two consecutive hours,Mumbai Sub-urban Rail Passenger Surveys and Analysis (Executive Summary),Table E-8,11,PDF table extraction (hourly_travel),,,
mumbai-suburban-railway,Mumbai,SUBURBAN_RAIL,Western Railway / Central Railway (Indian Railways); study commissioned by MRVC,Harbour Line (Main Harbour + Trans Harbour),,,DOWN,SLOW_AND_FAST,2012-02-11,2012-03-15,peak period total (as printed),peak period total (as printed),463306,passengers_travelling_peak_period_total,passengers per sampled peak period in the peak direction,,,,176.0,,,,,,,,,,,,,,,,line,derived_from_sample_survey,table's own printed Total Passengers / Total Services row; per-hour train counts are not additive because a train can be running in two consecutive hours,Mumbai Sub-urban Rail Passenger Surveys and Analysis (Executive Summary),Table E-8,11,PDF table extraction (hourly_travel),,,
mumbai-suburban-railway,Mumbai,SUBURBAN_RAIL,Western Railway / Central Railway (Indian Railways); study commissioned by MRVC,Western Line,churchgate,Churchgate,BOTH,ALL,2011-12-08,2012-02-10,08:00-22:00,,505110,station_entries_plus_exits_14h,passengers per 14-hour survey day (08:00-22:00),,,,,505110.0,,687.0,,,,,,,,,,,,,station,counted_at_entry_exit_points,counted at all authorised and unauthorised entry points,Mumbai Sub-urban Rail Passenger Surveys and Analysis (Executive Summary),Table E-14,25,PDF table extraction (station_entry_exit),,,
mumbai-suburban-railway,Mumbai,SUBURBAN_RAIL,Western Railway / Central Railway (Indian Railways); study commissioned by MRVC,Western Line,mumbai-central,Mumbai Central,BOTH,ALL,2011-12-08,2012-02-10,08:00-22:00,,238231,station_entries_plus_exits_14h,passengers per 14-hour survey day (08:00-22:00),,,,,234759.0,3472.0,683.0,,,,,,,,,,,,,station,counted_at_entry_exit_points,counted at all authorised and unauthorised entry points,Mumbai Sub-urban Rail Passenger Surveys and Analysis (Executive Summary),Table E-14,25,PDF table extraction (station_entry_exit),,,
mumbai-suburban-railway,Mumbai,SUBURBAN_RAIL,Western Railway / Central Railway (Indian Railways); study commissioned by MRVC,Western Line,dadar-west,Dadar West,BOTH,ALL,2011-12-08,2012-02-10,08:00-22:00,,286960,station_entries_plus_exits_14h,passengers per 14-hour survey day (08:00-22:00),,,,,286960.0,,730.0,,,,,,,,,,,,,station,counted_at_entry_exit_points,counted at all authorised and unauthorised entry points,Mumbai Sub-urban Rail Passenger Surveys and Analysis (Executive Summary),Table E-14,25,PDF table extraction (station_entry_exit),,,
mumbai-suburban-railway,Mumbai,SUBURBAN_RAIL,Western Railway / Central Railway (Indian Railways); study commissioned by MRVC,Western Line,mahim,Mahim,BOTH,ALL,2011-12-08,2012-02-10,08:00-22:00,,122939,station_entries_plus_exits_14h,passengers per 14-hour survey day (08:00-22:00),,,,,113074.0,9865.0,541.0,,,,,,,,,,,,,station,counted_at_entry_exit_points,counted at all authorised and unauthorised entry points,Mumbai Sub-urban Rail Passenger Surveys and Analysis (Executive Summary),Table E-14,25,PDF table extraction (station_entry_exit),,,
mumbai-suburban-railway,Mumbai,SUBURBAN_RAIL,Western Railway / Central Railway (Indian Railways); study commissioned by MRVC,Western Line,bandra,Bandra,BOTH,ALL,2011-12-08,2012-02-10,08:00-22:00,,491106,station_entries_plus_exits_14h,passengers per 14-hour survey day (08:00-22:00),,,,,491106.0,,873.0,,,,,,,,,,,,,station,counted_at_entry_exit_points,counted at all authorised and unauthorised entry points,Mumbai Sub-urban Rail Passenger Surveys and Analysis (Executive Summary),Table E-14,25,PDF table extraction (station_entry_exit),,,
mumbai-suburban-railway,Mumbai,SUBURBAN_RAIL,Western Railway / Central Railway (Indian Railways); study commissioned by MRVC,Western Line,andheri,Andheri,BOTH,ALL,2011-12-08,2012-02-10,08:00-22:00,,604244,station_entries_plus_exits_14h,passengers per 14-hour survey day (08:00-22:00),,,,,604244.0,,849.0,,,,,,,,,,,,,station,counted_at_entry_exit_points,counted at all authorised and unauthorised entry points,Mumbai Sub-urban Rail Passenger Surveys and Analysis (Executive Summary),Table E-14,25,PDF table extraction (station_entry_exit),,,
mumbai-suburban-railway,Mumbai,SUBURBAN_RAIL,Western Railway / Central Railway (Indian Railways); study commissioned by MRVC,Western Line,goregaon,Goregaon,BOTH,ALL,2011-12-08,2012-02-10,08:00-22:00,,285204,station_entries_plus_exits_14h,passengers per 14-hour survey day (08:00-22:00),,,,,272868.0,12336.0,432.0,,,,,,,,,,,,,station,counted_at_entry_exit_points,counted at all authorised and unauthorised entry points,Mumbai Sub-urban Rail Passenger Surveys and Analysis (Executive Summary),Table E-14,25,PDF table extraction (station_entry_exit),,,
mumbai-suburban-railway,Mumbai,SUBURBAN_RAIL,Western Railway / Central Railway (Indian Railways); study commissioned by MRVC,Western Line,borivali,Borivali,BOTH,ALL,2011-12-08,2012-02-10,08:00-22:00,,392417,station_entries_plus_exits_14h,passengers per 14-hour survey day (08:00-22:00),,,,,392417.0,,644.0,,,,,,,,,,,,,station,counted_at_entry_exit_points,counted at all authorised and unauthorised entry points,Mumbai Sub-urban Rail Passenger Surveys and Analysis (Executive Summary),Table E-14,25,PDF table extraction (station_entry_exit),,,
mumbai-suburban-railway,Mumbai,SUBURBAN_RAIL,Western Railway / Central Railway (Indian Railways); study commissioned by MRVC,Western Line,mira-road,Mira Road,BOTH,ALL,2011-12-08,2012-02-10,08:00-22:00,,170262,station_entries_plus_exits_14h,passengers per 14-hour survey day (08:00-22:00),,,,,170262.0,,301.0,,,,,,,,,,,,,station,counted_at_entry_exit_points,counted at all authorised and unauthorised entry points,Mumbai Sub-urban Rail Passenger Surveys and Analysis (Executive Summary),Table E-14,25,PDF table extraction (station_entry_exit),,,
mumbai-suburban-railway,Mumbai,SUBURBAN_RAIL,Western Railway / Central Railway (Indian Railways); study commissioned by MRVC,Western Line,bhayander,Bhayander,BOTH,ALL,2011-12-08,2012-02-10,08:00-22:00,,261042,station_entries_plus_exits_14h,passengers per 14-hour survey day (08:00-22:00),,,,,235621.0,25421.0,304.0,,,,,,,,,,,,,station,counted_at_entry_exit_points,counted at all authorised and unauthorised entry points,Mumbai Sub-urban Rail Passenger Surveys and Analysis (Executive Summary),Table E-14,25,PDF table extraction (station_entry_exit),,,
mumbai-suburban-railway,Mumbai,SUBURBAN_RAIL,Western Railway / Central Railway (Indian Railways); study commissioned by MRVC,Western Line,vasai-road,Vasai Road,BOTH,ALL,2011-12-08,2012-02-10,08:00-22:00,,215296,station_entries_plus_exits_14h,passengers per 14-hour survey day (08:00-22:00),,,,,202868.0,12428.0,263.0,,,,,,,,,,,,,station,counted_at_entry_exit_points,counted at all authorised and unauthorised entry points,Mumbai Sub-urban Rail Passenger Surveys and Analysis (Executive Summary),Table E-14,25,PDF table extraction (station_entry_exit),,,
mumbai-suburban-railway,Mumbai,SUBURBAN_RAIL,Western Railway / Central Railway (Indian Railways); study commissioned by MRVC,Western Line,nala-sopara,Nala Sopara,BOTH,ALL,2011-12-08,2012-02-10,08:00-22:00,,325787,station_entries_plus_exits_14h,passengers per 14-hour survey day (08:00-22:00),,,,,322365.0,3422.0,236.0,,,,,,,,,,,,,station,counted_at_entry_exit_points,counted at all authorised and unauthorised entry points,Mumbai Sub-urban Rail Passenger Surveys and Analysis (Executive Summary),Table E-14,25,PDF table extraction (station_entry_exit),,,
mumbai-suburban-railway,Mumbai,SUBURBAN_RAIL,Western Railway / Central Railway (Indian Railways); study commissioned by MRVC,Western Line,virar,Virar,BOTH,ALL,2011-12-08,2012-02-10,08:00-22:00,,395095,station_entries_plus_exits_14h,passengers per 14-hour survey day (08:00-22:00),,,,,318459.0,76636.0,237.0,,,,,,,,,,,,,station,counted_at_entry_exit_points,counted at all authorised and unauthorised entry points,Mumbai Sub-urban Rail Passenger Surveys and Analysis (Executive Summary),Table E-14,25,PDF table extraction (station_entry_exit),,,
mumbai-suburban-railway,Mumbai,SUBURBAN_RAIL,Western Railway / Central Railway (Indian Railways); study commissioned by MRVC,Virar-Dhanu Road Line,virar,Virar,BOTH,ALL,2013-06-17,2013-06-18,08:00-22:00,,395095,station_entries_plus_exits_14h,passengers per 14-hour survey day (08:00-22:00),,,,,318459.0,76636.0,,,,,,,,,,,,,,station,counted_at_entry_exit_points,counted at all authorised and unauthorised entry points,Mumbai Sub-urban Rail Passenger Surveys and Analysis (Executive Summary),Table E-16,26,PDF table extraction (station_entry_exit),,,
mumbai-suburban-railway,Mumbai,SUBURBAN_RAIL,Western Railway / Central Railway (Indian Railways); study commissioned by MRVC,Virar-Dhanu Road Line,vaitarna,Vaitarna,BOTH,ALL,2013-06-17,2013-06-18,08:00-22:00,,3690,station_entries_plus_exits_14h,passengers per 14-hour survey day (08:00-22:00),,,,,2583.0,1107.0,,,,,,,,,,,,,,station,counted_at_entry_exit_points,counted at all authorised and unauthorised entry points,Mumbai Sub-urban Rail Passenger Surveys and Analysis (Executive Summary),Table E-16,26,PDF table extraction (station_entry_exit),,,
mumbai-suburban-railway,Mumbai,SUBURBAN_RAIL,Western Railway / Central Railway (Indian Railways); study commissioned by MRVC,Virar-Dhanu Road Line,saphale,Saphale,BOTH,ALL,2013-06-17,2013-06-18,08:00-22:00,,14035,station_entries_plus_exits_14h,passengers per 14-hour survey day (08:00-22:00),,,,,14035.0,,,,,,,,,,,,,,,station,counted_at_entry_exit_points,counted at all authorised and unauthorised entry points,Mumbai Sub-urban Rail Passenger Surveys and Analysis (Executive Summary),Table E-16,26,PDF table extraction (station_entry_exit),,,
mumbai-suburban-railway,Mumbai,SUBURBAN_RAIL,Western Railway / Central Railway (Indian Railways); study commissioned by MRVC,Virar-Dhanu Road Line,kelve-road,Kelve Road,BOTH,ALL,2013-06-17,2013-06-18,08:00-22:00,,9814,station_entries_plus_exits_14h,passengers per 14-hour survey day (08:00-22:00),,,,,9814.0,,,,,,,,,,,,,,,station,counted_at_entry_exit_points,counted at all authorised and unauthorised entry points,Mumbai Sub-urban Rail Passenger Surveys and Analysis (Executive Summary),Table E-16,26,PDF table extraction (station_entry_exit),,,
mumbai-suburban-railway,Mumbai,SUBURBAN_RAIL,Western Railway / Central Railway (Indian Railways); study commissioned by MRVC,Virar-Dhanu Road Line,palghar,Palghar,BOTH,ALL,2013-06-17,2013-06-18,08:00-22:00,,27831,station_entries_plus_exits_14h,passengers per 14-hour survey day (08:00-22:00),,,,,27831.0,,,,,,,,,,,,,,,station,counted_at_entry_exit_points,counted at all authorised and unauthorised entry points,Mumbai Sub-urban Rail Passenger Surveys and Analysis (Executive Summary),Table E-16,26,PDF table extraction (station_entry_exit),,,
mumbai-suburban-railway,Mumbai,SUBURBAN_RAIL,Western Railway / Central Railway (Indian Railways); study commissioned by MRVC,Virar-Dhanu Road Line,umroli,Umroli,BOTH,ALL,2013-06-17,2013-06-18,08:00-22:00,,2395,station_entries_plus_exits_14h,passengers per 14-hour survey day (08:00-22:00),,,,,2074.0,321.0,,,,,,,,,,,,,,station,counted_at_entry_exit_points,counted at all authorised and unauthorised entry points,Mumbai Sub-urban Rail Passenger Surveys and Analysis (Executive Summary),Table E-16,26,PDF table extraction (station_entry_exit),,,
mumbai-suburban-railway,Mumbai,SUBURBAN_RAIL,Western Railway / Central Railway (Indian Railways); study commissioned by MRVC,Virar-Dhanu Road Line,boisar,Boisar,BOTH,ALL,2013-06-17,2013-06-18,08:00-22:00,,30924,station_entries_plus_exits_14h,passengers per 14-hour survey day (08:00-22:00),,,,,29364.0,1560.0,,,,,,,,,,,,,,station,counted_at_entry_exit_points,counted at all authorised and unauthorised entry points,Mumbai Sub-urban Rail Passenger Surveys and Analysis (Executive Summary),Table E-16,26,PDF table extraction (station_entry_exit),,,
mumbai-suburban-railway,Mumbai,SUBURBAN_RAIL,Western Railway / Central Railway (Indian Railways); study commissioned by MRVC,Virar-Dhanu Road Line,vangaon,Vangaon,BOTH,ALL,2013-06-17,2013-06-18,08:00-22:00,,6702,station_entries_plus_exits_14h,passengers per 14-hour survey day (08:00-22:00),,,,,6702.0,,,,,,,,,,,,,,,station,counted_at_entry_exit_points,counted at all authorised and unauthorised entry points,Mumbai Sub-urban Rail Passenger Surveys and Analysis (Executive Summary),Table E-16,26,PDF table extraction (station_entry_exit),,,
mumbai-suburban-railway,Mumbai,SUBURBAN_RAIL,Western Railway / Central Railway (Indian Railways); study commissioned by MRVC,Virar-Dhanu Road Line,dahanu-road,Dahanu Road,BOTH,ALL,2013-06-17,2013-06-18,08:00-22:00,,38895,station_entries_plus_exits_14h,passengers per 14-hour survey day (08:00-22:00),,,,,36987.0,1908.0,,,,,,,,,,,,,,station,counted_at_entry_exit_points,counted at all authorised and unauthorised entry points,Mumbai Sub-urban Rail Passenger Surveys and Analysis (Executive Summary),Table E-16,26,PDF table extraction (station_entry_exit),,,
mumbai-suburban-railway,Mumbai,SUBURBAN_RAIL,Western Railway / Central Railway (Indian Railways); study commissioned by MRVC,Central Line,cst,CST,BOTH,ALL,2011-12-08,2012-02-10,08:00-22:00,,636661,station_entries_plus_exits_14h,passengers per 14-hour survey day (08:00-22:00),,,,,636661.0,,951.0,,,,,,,,,,,,,station,counted_at_entry_exit_points,counted at all authorised and unauthorised entry points,Mumbai Sub-urban Rail Passenger Surveys and Analysis (Executive Summary),Table E-18,27,PDF table extraction (station_entry_exit),,,
mumbai-suburban-railway,Mumbai,SUBURBAN_RAIL,Western Railway / Central Railway (Indian Railways); study commissioned by MRVC,Central Line,masjid,Masjid,BOTH,ALL,2011-12-08,2012-02-10,08:00-22:00,,245627,station_entries_plus_exits_14h,passengers per 14-hour survey day (08:00-22:00),,,,,245627.0,,760.0,,,,,,,,,,,,,station,counted_at_entry_exit_points,counted at all authorised and unauthorised entry points,Mumbai Sub-urban Rail Passenger Surveys and Analysis (Executive Summary),Table E-18,27,PDF table extraction (station_entry_exit),,,
mumbai-suburban-railway,Mumbai,SUBURBAN_RAIL,Western Railway / Central Railway (Indian Railways); study commissioned by MRVC,Central Line,byculla,Byculla,BOTH,ALL,2011-12-08,2012-02-10,08:00-22:00,,132319,station_entries_plus_exits_14h,passengers per 14-hour survey day (08:00-22:00),,,,,130247.0,2072.0,528.0,,,,,,,,,,,,,station,counted_at_entry_exit_points,counted at all authorised and unauthorised entry points,Mumbai Sub-urban Rail Passenger Surveys and Analysis (Executive Summary),Table E-18,27,PDF table extraction (station_entry_exit),,,
mumbai-suburban-railway,Mumbai,SUBURBAN_RAIL,Western Railway / Central Railway (Indian Railways); study commissioned by MRVC,Central Line,dadar,Dadar,BOTH,ALL,2011-12-08,2012-02-10,08:00-22:00,,290537,station_entries_plus_exits_14h,passengers per 14-hour survey day (08:00-22:00),,,,,286394.0,4143.0,593.0,,,,,,,,,,,,,station,counted_at_entry_exit_points,counted at all authorised and unauthorised entry points,Mumbai Sub-urban Rail Passenger Surveys and Analysis (Executive Summary),Table E-18,27,PDF table extraction (station_entry_exit),,,
mumbai-suburban-railway,Mumbai,SUBURBAN_RAIL,Western Railway / Central Railway (Indian Railways); study commissioned by MRVC,Central Line,kurla,Kurla,BOTH,ALL,2011-12-08,2012-02-10,08:00-22:00,,380930,station_entries_plus_exits_14h,passengers per 14-hour survey day (08:00-22:00),,,,,348003.0,32927.0,886.0,,,,,,,,,,,,,station,counted_at_entry_exit_points,counted at all authorised and unauthorised entry points,Mumbai Sub-urban Rail Passenger Surveys and Analysis (Executive Summary),Table E-18,27,PDF table extraction (station_entry_exit),,,
mumbai-suburban-railway,Mumbai,SUBURBAN_RAIL,Western Railway / Central Railway (Indian Railways); study commissioned by MRVC,Central Line,ghatkopar,Ghatkopar,BOTH,ALL,2011-12-08,2012-02-10,08:00-22:00,,268225,station_entries_plus_exits_14h,passengers per 14-hour survey day (08:00-22:00),,,,,268225.0,,520.0,,,,,,,,,,,,,station,counted_at_entry_exit_points,counted at all authorised and unauthorised entry points,Mumbai Sub-urban Rail Passenger Surveys and Analysis (Executive Summary),Table E-18,27,PDF table extraction (station_entry_exit),,,
mumbai-suburban-railway,Mumbai,SUBURBAN_RAIL,Western Railway / Central Railway (Indian Railways); study commissioned by MRVC,Central Line,bhandup,Bhandup,BOTH,ALL,2011-12-08,2012-02-10,08:00-22:00,,175273,station_entries_plus_exits_14h,passengers per 14-hour survey day (08:00-22:00),,,,,175273.0,,385.0,,,,,,,,,,,,,station,counted_at_entry_exit_points,counted at all authorised and unauthorised entry points,Mumbai Sub-urban Rail Passenger Surveys and Analysis (Executive Summary),Table E-18,27,PDF table extraction (station_entry_exit),,,
mumbai-suburban-railway,Mumbai,SUBURBAN_RAIL,Western Railway / Central Railway (Indian Railways); study commissioned by MRVC,Central Line,mulund,Mulund,BOTH,ALL,2011-12-08,2012-02-10,08:00-22:00,,255711,station_entries_plus_exits_14h,passengers per 14-hour survey day (08:00-22:00),,,,,255711.0,,433.0,,,,,,,,,,,,,station,counted_at_entry_exit_points,counted at all authorised and unauthorised entry points,Mumbai Sub-urban Rail Passenger Surveys and Analysis (Executive Summary),Table E-18,27,PDF table extraction (station_entry_exit),,,
mumbai-suburban-railway,Mumbai,SUBURBAN_RAIL,Western Railway / Central Railway (Indian Railways); study commissioned by MRVC,Central Line,thane,Thane,BOTH,ALL,2011-12-08,2012-02-10,08:00-22:00,,653928,station_entries_plus_exits_14h,passengers per 14-hour survey day (08:00-22:00),,,,,599249.0,54679.0,726.0,,,,,,,,,,,,,station,counted_at_entry_exit_points,counted at all authorised and unauthorised entry points,Mumbai Sub-urban Rail Passenger Surveys and Analysis (Executive Summary),Table E-18,27,PDF table extraction (station_entry_exit),,,
mumbai-suburban-railway,Mumbai,SUBURBAN_RAIL,Western Railway / Central Railway (Indian Railways); study commissioned by MRVC,Central Line,dombivilli,Dombivilli,BOTH,ALL,2011-12-08,2012-02-10,08:00-22:00,,283362,station_entries_plus_exits_14h,passengers per 14-hour survey day (08:00-22:00),,,,,283362.0,,426.0,,,,,,,,,,,,,station,counted_at_entry_exit_points,counted at all authorised and unauthorised entry points,Mumbai Sub-urban Rail Passenger Surveys and Analysis (Executive Summary),Table E-18,27,PDF table extraction (station_entry_exit),,,
mumbai-suburban-railway,Mumbai,SUBURBAN_RAIL,Western Railway / Central Railway (Indian Railways); study commissioned by MRVC,Central Line,kalyan,Kalyan,BOTH,ALL,2011-12-08,2012-02-10,08:00-22:00,,360348,station_entries_plus_exits_14h,passengers per 14-hour survey day (08:00-22:00),,,,,330942.0,29406.0,373.0,,,,,,,,,,,,,station,counted_at_entry_exit_points,counted at all authorised and unauthorised entry points,Mumbai Sub-urban Rail Passenger Surveys and Analysis (Executive Summary),Table E-18,27,PDF table extraction (station_entry_exit),,,
mumbai-suburban-railway,Mumbai,SUBURBAN_RAIL,Western Railway / Central Railway (Indian Railways); study commissioned by MRVC,Central Line,kasara,Kasara,BOTH,ALL,2011-12-08,2012-02-10,08:00-22:00,,17215,station_entries_plus_exits_14h,passengers per 14-hour survey day (08:00-22:00),,,,,13744.0,3471.0,22.0,,,,,,,,,,,,,station,counted_at_entry_exit_points,counted at all authorised and unauthorised entry points,Mumbai Sub-urban Rail Passenger Surveys and Analysis (Executive Summary),Table E-18,27,PDF table extraction (station_entry_exit),,,
mumbai-suburban-railway,Mumbai,SUBURBAN_RAIL,Western Railway / Central Railway (Indian Railways); study commissioned by MRVC,Central Line,karjat,Karjat,BOTH,ALL,2011-12-08,2012-02-10,08:00-22:00,,22040,station_entries_plus_exits_14h,passengers per 14-hour survey day (08:00-22:00),,,,,16630.0,5410.0,48.0,,,,,,,,,,,,,station,counted_at_entry_exit_points,counted at all authorised and unauthorised entry points,Mumbai Sub-urban Rail Passenger Surveys and Analysis (Executive Summary),Table E-18,27,PDF table extraction (station_entry_exit),,,
mumbai-suburban-railway,Mumbai,SUBURBAN_RAIL,Western Railway / Central Railway (Indian Railways); study commissioned by MRVC,Central Line,khopoli,Khopoli,BOTH,ALL,2011-12-08,2012-02-10,08:00-22:00,,14314,station_entries_plus_exits_14h,passengers per 14-hour survey day (08:00-22:00),,,,,8058.0,6256.0,22.0,,,,,,,,,,,,,station,counted_at_entry_exit_points,counted at all authorised and unauthorised entry points,Mumbai Sub-urban Rail Passenger Surveys and Analysis (Executive Summary),Table E-18,27,PDF table extraction (station_entry_exit),,,
mumbai-suburban-railway,Mumbai,SUBURBAN_RAIL,Western Railway / Central Railway (Indian Railways); study commissioned by MRVC,Harbour Line,vadala-road,Vadala road,BOTH,ALL,2011-12-08,2012-02-10,08:00-22:00,,160645,station_entries_plus_exits_14h,passengers per 14-hour survey day (08:00-22:00),,,,,160645.0,,438.0,,,,,,,,,,,,,station,counted_at_entry_exit_points,counted at all authorised and unauthorised entry points,Mumbai Sub-urban Rail Passenger Surveys and Analysis (Executive Summary),Table E-20,27,PDF table extraction (station_entry_exit),,,
mumbai-suburban-railway,Mumbai,SUBURBAN_RAIL,Western Railway / Central Railway (Indian Railways); study commissioned by MRVC,Harbour Line,gtb-nagar,GTB Nagar,BOTH,ALL,2011-12-08,2012-02-10,08:00-22:00,,121102,station_entries_plus_exits_14h,passengers per 14-hour survey day (08:00-22:00),,,,,97231.0,23871.0,297.0,,,,,,,,,,,,,station,counted_at_entry_exit_points,counted at all authorised and unauthorised entry points,Mumbai Sub-urban Rail Passenger Surveys and Analysis (Executive Summary),Table E-20,27,PDF table extraction (station_entry_exit),,,
mumbai-suburban-railway,Mumbai,SUBURBAN_RAIL,Western Railway / Central Railway (Indian Railways); study commissioned by MRVC,Harbour Line,chembur,Chembur,BOTH,ALL,2011-12-08,2012-02-10,08:00-22:00,,173788,station_entries_plus_exits_14h,passengers per 14-hour survey day (08:00-22:00),,,,,134902.0,38886.0,293.0,,,,,,,,,,,,,station,counted_at_entry_exit_points,counted at all authorised and unauthorised entry points,Mumbai Sub-urban Rail Passenger Surveys and Analysis (Executive Summary),Table E-20,27,PDF table extraction (station_entry_exit),,,
mumbai-suburban-railway,Mumbai,SUBURBAN_RAIL,Western Railway / Central Railway (Indian Railways); study commissioned by MRVC,Harbour Line,govandi,Govandi,BOTH,ALL,2011-12-08,2012-02-10,08:00-22:00,,132961,station_entries_plus_exits_14h,passengers per 14-hour survey day (08:00-22:00),,,,,78349.0,54612.0,292.0,,,,,,,,,,,,,station,counted_at_entry_exit_points,counted at all authorised and unauthorised entry points,Mumbai Sub-urban Rail Passenger Surveys and Analysis (Executive Summary),Table E-20,27,PDF table extraction (station_entry_exit),,,
mumbai-suburban-railway,Mumbai,SUBURBAN_RAIL,Western Railway / Central Railway (Indian Railways); study commissioned by MRVC,Harbour Line,vashi,Vashi,BOTH,ALL,2011-12-08,2012-02-10,08:00-22:00,,234769,station_entries_plus_exits_14h,passengers per 14-hour survey day (08:00-22:00),,,,,219672.0,15097.0,370.0,,,,,,,,,,,,,station,counted_at_entry_exit_points,counted at all authorised and unauthorised entry points,Mumbai Sub-urban Rail Passenger Surveys and Analysis (Executive Summary),Table E-20,27,PDF table extraction (station_entry_exit),,,
mumbai-suburban-railway,Mumbai,SUBURBAN_RAIL,Western Railway / Central Railway (Indian Railways); study commissioned by MRVC,Harbour Line,nerul,Nerul,BOTH,ALL,2011-12-08,2012-02-10,08:00-22:00,,103923,station_entries_plus_exits_14h,passengers per 14-hour survey day (08:00-22:00),,,,,67948.0,35975.0,341.0,,,,,,,,,,,,,station,counted_at_entry_exit_points,counted at all authorised and unauthorised entry points,Mumbai Sub-urban Rail Passenger Surveys and Analysis (Executive Summary),Table E-20,27,PDF table extraction (station_entry_exit),,,
mumbai-suburban-railway,Mumbai,SUBURBAN_RAIL,Western Railway / Central Railway (Indian Railways); study commissioned by MRVC,Harbour Line,cbd-belapur,CBD Belapur,BOTH,ALL,2011-12-08,2012-02-10,08:00-22:00,,182851,station_entries_plus_exits_14h,passengers per 14-hour survey day (08:00-22:00),,,,,169134.0,13717.0,287.0,,,,,,,,,,,,,station,counted_at_entry_exit_points,counted at all authorised and unauthorised entry points,Mumbai Sub-urban Rail Passenger Surveys and Analysis (Executive Summary),Table E-20,27,PDF table extraction (station_entry_exit),,,
mumbai-suburban-railway,Mumbai,SUBURBAN_RAIL,Western Railway / Central Railway (Indian Railways); study commissioned by MRVC,Harbour Line,karghar,Karghar,BOTH,ALL,2011-12-08,2012-02-10,08:00-22:00,,111793,station_entries_plus_exits_14h,passengers per 14-hour survey day (08:00-22:00),,,,,102721.0,9072.0,213.0,,,,,,,,,,,,,station,counted_at_entry_exit_points,counted at all authorised and unauthorised entry points,Mumbai Sub-urban Rail Passenger Surveys and Analysis (Executive Summary),Table E-20,27,PDF table extraction (station_entry_exit),,,
mumbai-suburban-railway,Mumbai,SUBURBAN_RAIL,Western Railway / Central Railway (Indian Railways); study commissioned by MRVC,Harbour Line,panvel,Panvel,BOTH,ALL,2011-12-08,2012-02-10,08:00-22:00,,106736,station_entries_plus_exits_14h,passengers per 14-hour survey day (08:00-22:00),,,,,89536.0,17200.0,210.0,,,,,,,,,,,,,station,counted_at_entry_exit_points,counted at all authorised and unauthorised entry points,Mumbai Sub-urban Rail Passenger Surveys and Analysis (Executive Summary),Table E-20,27,PDF table extraction (station_entry_exit),,,
mumbai-suburban-railway,Mumbai,SUBURBAN_RAIL,Western Railway / Central Railway (Indian Railways); study commissioned by MRVC,Harbour Line,airoli,Airoli,BOTH,ALL,2011-12-08,2012-02-10,08:00-22:00,,86155,station_entries_plus_exits_14h,passengers per 14-hour survey day (08:00-22:00),,,,,68963.0,17192.0,164.0,,,,,,,,,,,,,station,counted_at_entry_exit_points,counted at all authorised and unauthorised entry points,Mumbai Sub-urban Rail Passenger Surveys and Analysis (Executive Summary),Table E-20,27,PDF table extraction (station_entry_exit),,,
mumbai-suburban-railway,Mumbai,SUBURBAN_RAIL,Western Railway / Central Railway (Indian Railways); study commissioned by MRVC,Harbour Line,turbe,Turbe,BOTH,ALL,2011-12-08,2012-02-10,08:00-22:00,,65217,station_entries_plus_exits_14h,passengers per 14-hour survey day (08:00-22:00),,,,,49806.0,15411.0,164.0,,,,,,,,,,,,,station,counted_at_entry_exit_points,counted at all authorised and unauthorised entry points,Mumbai Sub-urban Rail Passenger Surveys and Analysis (Executive Summary),Table E-20,27,PDF table extraction (station_entry_exit),,,
mumbai-suburban-railway,Mumbai,SUBURBAN_RAIL,Western Railway / Central Railway (Indian Railways); study commissioned by MRVC,Western Line,,,BOTH,ALL,2011-12-08,2012-02-10,8.00 to 9.00,8.00 to 9.00,366142,station_entries_plus_exits_hourly_share,passengers per hour summed over the surveyed stations on the line,,,8.5,,,,,,,,,,,,,,,,,line_summary_of_surveyed_stations,counted_at_entry_exit_points,station entry/exit counts summarised per hour,Mumbai Sub-urban Rail Passenger Surveys and Analysis (Executive Summary),Table E-15,26,PDF table extraction (hourly_entry_exit),,,
mumbai-suburban-railway,Mumbai,SUBURBAN_RAIL,Western Railway / Central Railway (Indian Railways); study commissioned by MRVC,Western Line,,,BOTH,ALL,2011-12-08,2012-02-10,9.00 to 10.00,9.00 to 10.00,391437,station_entries_plus_exits_hourly_share,passengers per hour summed over the surveyed stations on the line,,,9.1,,,,,,,,,,,,,,,,,line_summary_of_surveyed_stations,counted_at_entry_exit_points,station entry/exit counts summarised per hour,Mumbai Sub-urban Rail Passenger Surveys and Analysis (Executive Summary),Table E-15,26,PDF table extraction (hourly_entry_exit),,,
mumbai-suburban-railway,Mumbai,SUBURBAN_RAIL,Western Railway / Central Railway (Indian Railways); study commissioned by MRVC,Western Line,,,BOTH,ALL,2011-12-08,2012-02-10,10.00 to 11.00,10.00 to 11.00,345933,station_entries_plus_exits_hourly_share,passengers per hour summed over the surveyed stations on the line,,,8.1,,,,,,,,,,,,,,,,,line_summary_of_surveyed_stations,counted_at_entry_exit_points,station entry/exit counts summarised per hour,Mumbai Sub-urban Rail Passenger Surveys and Analysis (Executive Summary),Table E-15,26,PDF table extraction (hourly_entry_exit),,,
mumbai-suburban-railway,Mumbai,SUBURBAN_RAIL,Western Railway / Central Railway (Indian Railways); study commissioned by MRVC,Western Line,,,BOTH,ALL,2011-12-08,2012-02-10,11.00 to 12.00,11.00 to 12.00,285705,station_entries_plus_exits_hourly_share,passengers per hour summed over the surveyed stations on the line,,,6.7,,,,,,,,,,,,,,,,,line_summary_of_surveyed_stations,counted_at_entry_exit_points,station entry/exit counts summarised per hour,Mumbai Sub-urban Rail Passenger Surveys and Analysis (Executive Summary),Table E-15,26,PDF table extraction (hourly_entry_exit),,,
mumbai-suburban-railway,Mumbai,SUBURBAN_RAIL,Western Railway / Central Railway (Indian Railways); study commissioned by MRVC,Western Line,,,BOTH,ALL,2011-12-08,2012-02-10,12.00 to 13.00,12.00 to 13.00,258850,station_entries_plus_exits_hourly_share,passengers per hour summed over the surveyed stations on the line,,,6.0,,,,,,,,,,,,,,,,,line_summary_of_surveyed_stations,counted_at_entry_exit_points,station entry/exit counts summarised per hour,Mumbai Sub-urban Rail Passenger Surveys and Analysis (Executive Summary),Table E-15,26,PDF table extraction (hourly_entry_exit),,,
mumbai-suburban-railway,Mumbai,SUBURBAN_RAIL,Western Railway / Central Railway (Indian Railways); study commissioned by MRVC,Western Line,,,BOTH,ALL,2011-12-08,2012-02-10,13.00 to 14.00,13.00 to 14.00,243639,station_entries_plus_exits_hourly_share,passengers per hour summed over the surveyed stations on the line,,,5.7,,,,,,,,,,,,,,,,,line_summary_of_surveyed_stations,counted_at_entry_exit_points,station entry/exit counts summarised per hour,Mumbai Sub-urban Rail Passenger Surveys and Analysis (Executive Summary),Table E-15,26,PDF table extraction (hourly_entry_exit),,,
mumbai-suburban-railway,Mumbai,SUBURBAN_RAIL,Western Railway / Central Railway (Indian Railways); study commissioned by MRVC,Western Line,,,BOTH,ALL,2011-12-08,2012-02-10,14.00 to 15.00,14.00 to 15.00,232158,station_entries_plus_exits_hourly_share,passengers per hour summed over the surveyed stations on the line,,,5.4,,,,,,,,,,,,,,,,,line_summary_of_surveyed_stations,counted_at_entry_exit_points,station entry/exit counts summarised per hour,Mumbai Sub-urban Rail Passenger Surveys and Analysis (Executive Summary),Table E-15,26,PDF table extraction (hourly_entry_exit),,,
mumbai-suburban-railway,Mumbai,SUBURBAN_RAIL,Western Railway / Central Railway (Indian Railways); study commissioned by MRVC,Western Line,,,BOTH,ALL,2011-12-08,2012-02-10,15.00 to 16.00,15.00 to 16.00,250475,station_entries_plus_exits_hourly_share,passengers per hour summed over the surveyed stations on the line,,,5.8,,,,,,,,,,,,,,,,,line_summary_of_surveyed_stations,counted_at_entry_exit_points,station entry/exit counts summarised per hour,Mumbai Sub-urban Rail Passenger Surveys and Analysis (Executive Summary),Table E-15,26,PDF table extraction (hourly_entry_exit),,,
mumbai-suburban-railway,Mumbai,SUBURBAN_RAIL,Western Railway / Central Railway (Indian Railways); study commissioned by MRVC,Western Line,,,BOTH,ALL,2011-12-08,2012-02-10,16.00 to 17.00,16.00 to 17.00,275472,station_entries_plus_exits_hourly_share,passengers per hour summed over the surveyed stations on the line,,,6.4,,,,,,,,,,,,,,,,,line_summary_of_surveyed_stations,counted_at_entry_exit_points,station entry/exit counts summarised per hour,Mumbai Sub-urban Rail Passenger Surveys and Analysis (Executive Summary),Table E-15,26,PDF table extraction (hourly_entry_exit),,,
mumbai-suburban-railway,Mumbai,SUBURBAN_RAIL,Western Railway / Central Railway (Indian Railways); study commissioned by MRVC,Western Line,,,BOTH,ALL,2011-12-08,2012-02-10,17.00 to 18.00,17.00 to 18.00,325213,station_entries_plus_exits_hourly_share,passengers per hour summed over the surveyed stations on the line,,,7.6,,,,,,,,,,,,,,,,,line_summary_of_surveyed_stations,counted_at_entry_exit_points,station entry/exit counts summarised per hour,Mumbai Sub-urban Rail Passenger Surveys and Analysis (Executive Summary),Table E-15,26,PDF table extraction (hourly_entry_exit),,,
mumbai-suburban-railway,Mumbai,SUBURBAN_RAIL,Western Railway / Central Railway (Indian Railways); study commissioned by MRVC,Western Line,,,BOTH,ALL,2011-12-08,2012-02-10,18.00 to 19.00,18.00 to 19.00,398124,station_entries_plus_exits_hourly_share,passengers per hour summed over the surveyed stations on the line,,,9.3,,,,,,,,,,,,,,,,,line_summary_of_surveyed_stations,counted_at_entry_exit_points,station entry/exit counts summarised per hour,Mumbai Sub-urban Rail Passenger Surveys and Analysis (Executive Summary),Table E-15,26,PDF table extraction (hourly_entry_exit),,,
mumbai-suburban-railway,Mumbai,SUBURBAN_RAIL,Western Railway / Central Railway (Indian Railways); study commissioned by MRVC,Western Line,,,BOTH,ALL,2011-12-08,2012-02-10,19.00 to 20.00,19.00 to 20.00,392614,station_entries_plus_exits_hourly_share,passengers per hour summed over the surveyed stations on the line,,,9.1,,,,,,,,,,,,,,,,,line_summary_of_surveyed_stations,counted_at_entry_exit_points,station entry/exit counts summarised per hour,Mumbai Sub-urban Rail Passenger Surveys and Analysis (Executive Summary),Table E-15,26,PDF table extraction (hourly_entry_exit),,,
mumbai-suburban-railway,Mumbai,SUBURBAN_RAIL,Western Railway / Central Railway (Indian Railways); study commissioned by MRVC,Western Line,,,BOTH,ALL,2011-12-08,2012-02-10,20.00 to 21.00,20.00 to 21.00,307768,station_entries_plus_exits_hourly_share,passengers per hour summed over the surveyed stations on the line,,,7.2,,,,,,,,,,,,,,,,,line_summary_of_surveyed_stations,counted_at_entry_exit_points,station entry/exit counts summarised per hour,Mumbai Sub-urban Rail Passenger Surveys and Analysis (Executive Summary),Table E-15,26,PDF table extraction (hourly_entry_exit),,,
mumbai-suburban-railway,Mumbai,SUBURBAN_RAIL,Western Railway / Central Railway (Indian Railways); study commissioned by MRVC,Western Line,,,BOTH,ALL,2011-12-08,2012-02-10,21.00 to 22.0,21.00 to 22.0,220163,station_entries_plus_exits_hourly_share,passengers per hour summed over the surveyed stations on the line,,,5.1,,,,,,,,,,,,,,,,,line_summary_of_surveyed_stations,counted_at_entry_exit_points,station entry/exit counts summarised per hour,Mumbai Sub-urban Rail Passenger Surveys and Analysis (Executive Summary),Table E-15,26,PDF table extraction (hourly_entry_exit),,,
mumbai-suburban-railway,Mumbai,SUBURBAN_RAIL,Western Railway / Central Railway (Indian Railways); study commissioned by MRVC,Virar-Dhanu Road Line,,,BOTH,ALL,2013-06-17,2013-06-18,8.00 to 9.00,8.00 to 9.00,40054,station_entries_plus_exits_hourly_share,passengers per hour summed over the surveyed stations on the line,,,7.6,,,,,,,,,,,,,,,,,line_summary_of_surveyed_stations,counted_at_entry_exit_points,station entry/exit counts summarised per hour,Mumbai Sub-urban Rail Passenger Surveys and Analysis (Executive Summary),Table E-17,26,PDF table extraction (hourly_entry_exit),,,
mumbai-suburban-railway,Mumbai,SUBURBAN_RAIL,Western Railway / Central Railway (Indian Railways); study commissioned by MRVC,Virar-Dhanu Road Line,,,BOTH,ALL,2013-06-17,2013-06-18,9.00 to 10.00,9.00 to 10.00,44246,station_entries_plus_exits_hourly_share,passengers per hour summed over the surveyed stations on the line,,,8.4,,,,,,,,,,,,,,,,,line_summary_of_surveyed_stations,counted_at_entry_exit_points,station entry/exit counts summarised per hour,Mumbai Sub-urban Rail Passenger Surveys and Analysis (Executive Summary),Table E-17,26,PDF table extraction (hourly_entry_exit),,,
mumbai-suburban-railway,Mumbai,SUBURBAN_RAIL,Western Railway / Central Railway (Indian Railways); study commissioned by MRVC,Virar-Dhanu Road Line,,,BOTH,ALL,2013-06-17,2013-06-18,10.00 to 11.00,10.00 to 11.00,34695,station_entries_plus_exits_hourly_share,passengers per hour summed over the surveyed stations on the line,,,6.6,,,,,,,,,,,,,,,,,line_summary_of_surveyed_stations,counted_at_entry_exit_points,station entry/exit counts summarised per hour,Mumbai Sub-urban Rail Passenger Surveys and Analysis (Executive Summary),Table E-17,26,PDF table extraction (hourly_entry_exit),,,
mumbai-suburban-railway,Mumbai,SUBURBAN_RAIL,Western Railway / Central Railway (Indian Railways); study commissioned by MRVC,Virar-Dhanu Road Line,,,BOTH,ALL,2013-06-17,2013-06-18,11.00 to 12.00,11.00 to 12.00,38225,station_entries_plus_exits_hourly_share,passengers per hour summed over the surveyed stations on the line,,,7.2,,,,,,,,,,,,,,,,,line_summary_of_surveyed_stations,counted_at_entry_exit_points,station entry/exit counts summarised per hour,Mumbai Sub-urban Rail Passenger Surveys and Analysis (Executive Summary),Table E-17,26,PDF table extraction (hourly_entry_exit),,,
mumbai-suburban-railway,Mumbai,SUBURBAN_RAIL,Western Railway / Central Railway (Indian Railways); study commissioned by MRVC,Virar-Dhanu Road Line,,,BOTH,ALL,2013-06-17,2013-06-18,12.00 to 13.00,12.00 to 13.00,33259,station_entries_plus_exits_hourly_share,passengers per hour summed over the surveyed stations on the line,,,6.3,,,,,,,,,,,,,,,,,line_summary_of_surveyed_stations,counted_at_entry_exit_points,station entry/exit counts summarised per hour,Mumbai Sub-urban Rail Passenger Surveys and Analysis (Executive Summary),Table E-17,26,PDF table extraction (hourly_entry_exit),,,
mumbai-suburban-railway,Mumbai,SUBURBAN_RAIL,Western Railway / Central Railway (Indian Railways); study commissioned by MRVC,Virar-Dhanu Road Line,,,BOTH,ALL,2013-06-17,2013-06-18,13.00 to 14.00,13.00 to 14.00,27683,station_entries_plus_exits_hourly_share,passengers per hour summed over the surveyed stations on the line,,,5.2,,,,,,,,,,,,,,,,,line_summary_of_surveyed_stations,counted_at_entry_exit_points,station entry/exit counts summarised per hour,Mumbai Sub-urban Rail Passenger Surveys and Analysis (Executive Summary),Table E-17,26,PDF table extraction (hourly_entry_exit),,,
mumbai-suburban-railway,Mumbai,SUBURBAN_RAIL,Western Railway / Central Railway (Indian Railways); study commissioned by MRVC,Virar-Dhanu Road Line,,,BOTH,ALL,2013-06-17,2013-06-18,14.00 to 15.00,14.00 to 15.00,33462,station_entries_plus_exits_hourly_share,passengers per hour summed over the surveyed stations on the line,,,6.3,,,,,,,,,,,,,,,,,line_summary_of_surveyed_stations,counted_at_entry_exit_points,station entry/exit counts summarised per hour,Mumbai Sub-urban Rail Passenger Surveys and Analysis (Executive Summary),Table E-17,26,PDF table extraction (hourly_entry_exit),,,
mumbai-suburban-railway,Mumbai,SUBURBAN_RAIL,Western Railway / Central Railway (Indian Railways); study commissioned by MRVC,Virar-Dhanu Road Line,,,BOTH,ALL,2013-06-17,2013-06-18,15.00 to 16.00,15.00 to 16.00,26981,station_entries_plus_exits_hourly_share,passengers per hour summed over the surveyed stations on the line,,,5.1,,,,,,,,,,,,,,,,,line_summary_of_surveyed_stations,counted_at_entry_exit_points,station entry/exit counts summarised per hour,Mumbai Sub-urban Rail Passenger Surveys and Analysis (Executive Summary),Table E-17,26,PDF table extraction (hourly_entry_exit),,,
mumbai-suburban-railway,Mumbai,SUBURBAN_RAIL,Western Railway / Central Railway (Indian Railways); study commissioned by MRVC,Virar-Dhanu Road Line,,,BOTH,ALL,2013-06-17,2013-06-18,16.00 to 17.00,16.00 to 17.00,31275,station_entries_plus_exits_hourly_share,passengers per hour summed over the surveyed stations on the line,,,5.9,,,,,,,,,,,,,,,,,line_summary_of_surveyed_stations,counted_at_entry_exit_points,station entry/exit counts summarised per hour,Mumbai Sub-urban Rail Passenger Surveys and Analysis (Executive Summary),Table E-17,26,PDF table extraction (hourly_entry_exit),,,
mumbai-suburban-railway,Mumbai,SUBURBAN_RAIL,Western Railway / Central Railway (Indian Railways); study commissioned by MRVC,Virar-Dhanu Road Line,,,BOTH,ALL,2013-06-17,2013-06-18,17.00 to 18.00,17.00 to 18.00,42188,station_entries_plus_exits_hourly_share,passengers per hour summed over the surveyed stations on the line,,,8.0,,,,,,,,,,,,,,,,,line_summary_of_surveyed_stations,counted_at_entry_exit_points,station entry/exit counts summarised per hour,Mumbai Sub-urban Rail Passenger Surveys and Analysis (Executive Summary),Table E-17,26,PDF table extraction (hourly_entry_exit),,,
mumbai-suburban-railway,Mumbai,SUBURBAN_RAIL,Western Railway / Central Railway (Indian Railways); study commissioned by MRVC,Virar-Dhanu Road Line,,,BOTH,ALL,2013-06-17,2013-06-18,18.00 to 19.00,18.00 to 19.00,58485,station_entries_plus_exits_hourly_share,passengers per hour summed over the surveyed stations on the line,,,11.0,,,,,,,,,,,,,,,,,line_summary_of_surveyed_stations,counted_at_entry_exit_points,station entry/exit counts summarised per hour,Mumbai Sub-urban Rail Passenger Surveys and Analysis (Executive Summary),Table E-17,26,PDF table extraction (hourly_entry_exit),,,
mumbai-suburban-railway,Mumbai,SUBURBAN_RAIL,Western Railway / Central Railway (Indian Railways); study commissioned by MRVC,Virar-Dhanu Road Line,,,BOTH,ALL,2013-06-17,2013-06-18,19.00 to 20.00,19.00 to 20.00,52240,station_entries_plus_exits_hourly_share,passengers per hour summed over the surveyed stations on the line,,,9.9,,,,,,,,,,,,,,,,,line_summary_of_surveyed_stations,counted_at_entry_exit_points,station entry/exit counts summarised per hour,Mumbai Sub-urban Rail Passenger Surveys and Analysis (Executive Summary),Table E-17,26,PDF table extraction (hourly_entry_exit),,,
mumbai-suburban-railway,Mumbai,SUBURBAN_RAIL,Western Railway / Central Railway (Indian Railways); study commissioned by MRVC,Virar-Dhanu Road Line,,,BOTH,ALL,2013-06-17,2013-06-18,20.00 to 21.00,20.00 to 21.00,40506,station_entries_plus_exits_hourly_share,passengers per hour summed over the surveyed stations on the line,,,7.7,,,,,,,,,,,,,,,,,line_summary_of_surveyed_stations,counted_at_entry_exit_points,station entry/exit counts summarised per hour,Mumbai Sub-urban Rail Passenger Surveys and Analysis (Executive Summary),Table E-17,26,PDF table extraction (hourly_entry_exit),,,
mumbai-suburban-railway,Mumbai,SUBURBAN_RAIL,Western Railway / Central Railway (Indian Railways); study commissioned by MRVC,Virar-Dhanu Road Line,,,BOTH,ALL,2013-06-17,2013-06-18,21.00 to 22.00,21.00 to 22.00,26082,station_entries_plus_exits_hourly_share,passengers per hour summed over the surveyed stations on the line,,,4.9,,,,,,,,,,,,,,,,,line_summary_of_surveyed_stations,counted_at_entry_exit_points,station entry/exit counts summarised per hour,Mumbai Sub-urban Rail Passenger Surveys and Analysis (Executive Summary),Table E-17,26,PDF table extraction (hourly_entry_exit),,,
mumbai-suburban-railway,Mumbai,SUBURBAN_RAIL,Western Railway / Central Railway (Indian Railways); study commissioned by MRVC,Central Line,,,BOTH,ALL,2011-12-08,2012-02-10,8.00 to 9.00,8.00 to 9.00,285250,station_entries_plus_exits_hourly_share,passengers per hour summed over the surveyed stations on the line,,,7.6,,,,,,,,,,,,,,,,,line_summary_of_surveyed_stations,counted_at_entry_exit_points,station entry/exit counts summarised per hour,Mumbai Sub-urban Rail Passenger Surveys and Analysis (Executive Summary),Table E-19,27,PDF table extraction (hourly_entry_exit),,,
mumbai-suburban-railway,Mumbai,SUBURBAN_RAIL,Western Railway / Central Railway (Indian Railways); study commissioned by MRVC,Central Line,,,BOTH,ALL,2011-12-08,2012-02-10,9.00 to 10.00,9.00 to 10.00,338200,station_entries_plus_exits_hourly_share,passengers per hour summed over the surveyed stations on the line,,,9.0,,,,,,,,,,,,,,,,,line_summary_of_surveyed_stations,counted_at_entry_exit_points,station entry/exit counts summarised per hour,Mumbai Sub-urban Rail Passenger Surveys and Analysis (Executive Summary),Table E-19,27,PDF table extraction (hourly_entry_exit),,,
mumbai-suburban-railway,Mumbai,SUBURBAN_RAIL,Western Railway / Central Railway (Indian Railways); study commissioned by MRVC,Central Line,,,BOTH,ALL,2011-12-08,2012-02-10,10.00 to 11.00,10.00 to 11.00,312199,station_entries_plus_exits_hourly_share,passengers per hour summed over the surveyed stations on the line,,,8.3,,,,,,,,,,,,,,,,,line_summary_of_surveyed_stations,counted_at_entry_exit_points,station entry/exit counts summarised per hour,Mumbai Sub-urban Rail Passenger Surveys and Analysis (Executive Summary),Table E-19,27,PDF table extraction (hourly_entry_exit),,,
mumbai-suburban-railway,Mumbai,SUBURBAN_RAIL,Western Railway / Central Railway (Indian Railways); study commissioned by MRVC,Central Line,,,BOTH,ALL,2011-12-08,2012-02-10,11.00 to 12.00,11.00 to 12.00,256499,station_entries_plus_exits_hourly_share,passengers per hour summed over the surveyed stations on the line,,,6.8,,,,,,,,,,,,,,,,,line_summary_of_surveyed_stations,counted_at_entry_exit_points,station entry/exit counts summarised per hour,Mumbai Sub-urban Rail Passenger Surveys and Analysis (Executive Summary),Table E-19,27,PDF table extraction (hourly_entry_exit),,,
mumbai-suburban-railway,Mumbai,SUBURBAN_RAIL,Western Railway / Central Railway (Indian Railways); study commissioned by MRVC,Central Line,,,BOTH,ALL,2011-12-08,2012-02-10,12.00 to 13.00,12.00 to 13.00,222457,station_entries_plus_exits_hourly_share,passengers per hour summed over the surveyed stations on the line,,,5.9,,,,,,,,,,,,,,,,,line_summary_of_surveyed_stations,counted_at_entry_exit_points,station entry/exit counts summarised per hour,Mumbai Sub-urban Rail Passenger Surveys and Analysis (Executive Summary),Table E-19,27,PDF table extraction (hourly_entry_exit),,,
mumbai-suburban-railway,Mumbai,SUBURBAN_RAIL,Western Railway / Central Railway (Indian Railways); study commissioned by MRVC,Central Line,,,BOTH,ALL,2011-12-08,2012-02-10,13.00 to 14.00,13.00 to 14.00,205115,station_entries_plus_exits_hourly_share,passengers per hour summed over the surveyed stations on the line,,,5.5,,,,,,,,,,,,,,,,,line_summary_of_surveyed_stations,counted_at_entry_exit_points,station entry/exit counts summarised per hour,Mumbai Sub-urban Rail Passenger Surveys and Analysis (Executive Summary),Table E-19,27,PDF table extraction (hourly_entry_exit),,,
mumbai-suburban-railway,Mumbai,SUBURBAN_RAIL,Western Railway / Central Railway (Indian Railways); study commissioned by MRVC,Central Line,,,BOTH,ALL,2011-12-08,2012-02-10,14.00 to 15.00,14.00 to 15.00,206685,station_entries_plus_exits_hourly_share,passengers per hour summed over the surveyed stations on the line,,,5.5,,,,,,,,,,,,,,,,,line_summary_of_surveyed_stations,counted_at_entry_exit_points,station entry/exit counts summarised per hour,Mumbai Sub-urban Rail Passenger Surveys and Analysis (Executive Summary),Table E-19,27,PDF table extraction (hourly_entry_exit),,,
mumbai-suburban-railway,Mumbai,SUBURBAN_RAIL,Western Railway / Central Railway (Indian Railways); study commissioned by MRVC,Central Line,,,BOTH,ALL,2011-12-08,2012-02-10,15.00 to 16.00,15.00 to 16.00,212595,station_entries_plus_exits_hourly_share,passengers per hour summed over the surveyed stations on the line,,,5.7,,,,,,,,,,,,,,,,,line_summary_of_surveyed_stations,counted_at_entry_exit_points,station entry/exit counts summarised per hour,Mumbai Sub-urban Rail Passenger Surveys and Analysis (Executive Summary),Table E-19,27,PDF table extraction (hourly_entry_exit),,,
mumbai-suburban-railway,Mumbai,SUBURBAN_RAIL,Western Railway / Central Railway (Indian Railways); study commissioned by MRVC,Central Line,,,BOTH,ALL,2011-12-08,2012-02-10,16.00 to 17.00,16.00 to 17.00,234978,station_entries_plus_exits_hourly_share,passengers per hour summed over the surveyed stations on the line,,,6.3,,,,,,,,,,,,,,,,,line_summary_of_surveyed_stations,counted_at_entry_exit_points,station entry/exit counts summarised per hour,Mumbai Sub-urban Rail Passenger Surveys and Analysis (Executive Summary),Table E-19,27,PDF table extraction (hourly_entry_exit),,,
mumbai-suburban-railway,Mumbai,SUBURBAN_RAIL,Western Railway / Central Railway (Indian Railways); study commissioned by MRVC,Central Line,,,BOTH,ALL,2011-12-08,2012-02-10,17.00 to 18.00,17.00 to 18.00,295808,station_entries_plus_exits_hourly_share,passengers per hour summed over the surveyed stations on the line,,,7.9,,,,,,,,,,,,,,,,,line_summary_of_surveyed_stations,counted_at_entry_exit_points,station entry/exit counts summarised per hour,Mumbai Sub-urban Rail Passenger Surveys and Analysis (Executive Summary),Table E-19,27,PDF table extraction (hourly_entry_exit),,,
mumbai-suburban-railway,Mumbai,SUBURBAN_RAIL,Western Railway / Central Railway (Indian Railways); study commissioned by MRVC,Central Line,,,BOTH,ALL,2011-12-08,2012-02-10,18.00 to 19.00,18.00 to 19.00,361613,station_entries_plus_exits_hourly_share,passengers per hour summed over the surveyed stations on the line,,,9.7,,,,,,,,,,,,,,,,,line_summary_of_surveyed_stations,counted_at_entry_exit_points,station entry/exit counts summarised per hour,Mumbai Sub-urban Rail Passenger Surveys and Analysis (Executive Summary),Table E-19,27,PDF table extraction (hourly_entry_exit),,,
mumbai-suburban-railway,Mumbai,SUBURBAN_RAIL,Western Railway / Central Railway (Indian Railways); study commissioned by MRVC,Central Line,,,BOTH,ALL,2011-12-08,2012-02-10,19.00 to 20.00,19.00 to 20.00,352303,station_entries_plus_exits_hourly_share,passengers per hour summed over the surveyed stations on the line,,,9.4,,,,,,,,,,,,,,,,,line_summary_of_surveyed_stations,counted_at_entry_exit_points,station entry/exit counts summarised per hour,Mumbai Sub-urban Rail Passenger Surveys and Analysis (Executive Summary),Table E-19,27,PDF table extraction (hourly_entry_exit),,,
mumbai-suburban-railway,Mumbai,SUBURBAN_RAIL,Western Railway / Central Railway (Indian Railways); study commissioned by MRVC,Central Line,,,BOTH,ALL,2011-12-08,2012-02-10,20.00 to 21.00,20.00 to 21.00,266620,station_entries_plus_exits_hourly_share,passengers per hour summed over the surveyed stations on the line,,,7.1,,,,,,,,,,,,,,,,,line_summary_of_surveyed_stations,counted_at_entry_exit_points,station entry/exit counts summarised per hour,Mumbai Sub-urban Rail Passenger Surveys and Analysis (Executive Summary),Table E-19,27,PDF table extraction (hourly_entry_exit),,,
mumbai-suburban-railway,Mumbai,SUBURBAN_RAIL,Western Railway / Central Railway (Indian Railways); study commissioned by MRVC,Central Line,,,BOTH,ALL,2011-12-08,2012-02-10,21.00 to 22.0,21.00 to 22.0,186168,station_entries_plus_exits_hourly_share,passengers per hour summed over the surveyed stations on the line,,,5.0,,,,,,,,,,,,,,,,,line_summary_of_surveyed_stations,counted_at_entry_exit_points,station entry/exit counts summarised per hour,Mumbai Sub-urban Rail Passenger Surveys and Analysis (Executive Summary),Table E-19,27,PDF table extraction (hourly_entry_exit),,,
mumbai-suburban-railway,Mumbai,SUBURBAN_RAIL,Western Railway / Central Railway (Indian Railways); study commissioned by MRVC,Harbour Line,,,BOTH,ALL,2011-12-08,2012-02-10,8.00 to 9.00,8.00 to 9.00,121810,station_entries_plus_exits_hourly_share,passengers per hour summed over the surveyed stations on the line,,,8.2,,,,,,,,,,,,,,,,,line_summary_of_surveyed_stations,counted_at_entry_exit_points,station entry/exit counts summarised per hour,Mumbai Sub-urban Rail Passenger Surveys and Analysis (Executive Summary),Table E-21,28,PDF table extraction (hourly_entry_exit),,,
mumbai-suburban-railway,Mumbai,SUBURBAN_RAIL,Western Railway / Central Railway (Indian Railways); study commissioned by MRVC,Harbour Line,,,BOTH,ALL,2011-12-08,2012-02-10,9.00 to 10.00,9.00 to 10.00,140373,station_entries_plus_exits_hourly_share,passengers per hour summed over the surveyed stations on the line,,,9.5,,,,,,,,,,,,,,,,,line_summary_of_surveyed_stations,counted_at_entry_exit_points,station entry/exit counts summarised per hour,Mumbai Sub-urban Rail Passenger Surveys and Analysis (Executive Summary),Table E-21,28,PDF table extraction (hourly_entry_exit),,,
mumbai-suburban-railway,Mumbai,SUBURBAN_RAIL,Western Railway / Central Railway (Indian Railways); study commissioned by MRVC,Harbour Line,,,BOTH,ALL,2011-12-08,2012-02-10,10.00 to 11.00,10.00 to 11.00,119822,station_entries_plus_exits_hourly_share,passengers per hour summed over the surveyed stations on the line,,,8.1,,,,,,,,,,,,,,,,,line_summary_of_surveyed_stations,counted_at_entry_exit_points,station entry/exit counts summarised per hour,Mumbai Sub-urban Rail Passenger Surveys and Analysis (Executive Summary),Table E-21,28,PDF table extraction (hourly_entry_exit),,,
mumbai-suburban-railway,Mumbai,SUBURBAN_RAIL,Western Railway / Central Railway (Indian Railways); study commissioned by MRVC,Harbour Line,,,BOTH,ALL,2011-12-08,2012-02-10,11.00 to 12.00,11.00 to 12.00,99518,station_entries_plus_exits_hourly_share,passengers per hour summed over the surveyed stations on the line,,,6.7,,,,,,,,,,,,,,,,,line_summary_of_surveyed_stations,counted_at_entry_exit_points,station entry/exit counts summarised per hour,Mumbai Sub-urban Rail Passenger Surveys and Analysis (Executive Summary),Table E-21,28,PDF table extraction (hourly_entry_exit),,,
mumbai-suburban-railway,Mumbai,SUBURBAN_RAIL,Western Railway / Central Railway (Indian Railways); study commissioned by MRVC,Harbour Line,,,BOTH,ALL,2011-12-08,2012-02-10,12.00 to 13.00,12.00 to 13.00,93511,station_entries_plus_exits_hourly_share,passengers per hour summed over the surveyed stations on the line,,,6.3,,,,,,,,,,,,,,,,,line_summary_of_surveyed_stations,counted_at_entry_exit_points,station entry/exit counts summarised per hour,Mumbai Sub-urban Rail Passenger Surveys and Analysis (Executive Summary),Table E-21,28,PDF table extraction (hourly_entry_exit),,,
mumbai-suburban-railway,Mumbai,SUBURBAN_RAIL,Western Railway / Central Railway (Indian Railways); study commissioned by MRVC,Harbour Line,,,BOTH,ALL,2011-12-08,2012-02-10,13.00 to 14.00,13.00 to 14.00,88950,station_entries_plus_exits_hourly_share,passengers per hour summed over the surveyed stations on the line,,,6.0,,,,,,,,,,,,,,,,,line_summary_of_surveyed_stations,counted_at_entry_exit_points,station entry/exit counts summarised per hour,Mumbai Sub-urban Rail Passenger Surveys and Analysis (Executive Summary),Table E-21,28,PDF table extraction (hourly_entry_exit),,,
mumbai-suburban-railway,Mumbai,SUBURBAN_RAIL,Western Railway / Central Railway (Indian Railways); study commissioned by MRVC,Harbour Line,,,BOTH,ALL,2011-12-08,2012-02-10,14.00 to 15.00,14.00 to 15.00,85179,station_entries_plus_exits_hourly_share,passengers per hour summed over the surveyed stations on the line,,,5.8,,,,,,,,,,,,,,,,,line_summary_of_surveyed_stations,counted_at_entry_exit_points,station entry/exit counts summarised per hour,Mumbai Sub-urban Rail Passenger Surveys and Analysis (Executive Summary),Table E-21,28,PDF table extraction (hourly_entry_exit),,,
mumbai-suburban-railway,Mumbai,SUBURBAN_RAIL,Western Railway / Central Railway (Indian Railways); study commissioned by MRVC,Harbour Line,,,BOTH,ALL,2011-12-08,2012-02-10,15.00 to 16.00,15.00 to 16.00,86805,station_entries_plus_exits_hourly_share,passengers per hour summed over the surveyed stations on the line,,,5.9,,,,,,,,,,,,,,,,,line_summary_of_surveyed_stations,counted_at_entry_exit_points,station entry/exit counts summarised per hour,Mumbai Sub-urban Rail Passenger Surveys and Analysis (Executive Summary),Table E-21,28,PDF table extraction (hourly_entry_exit),,,
mumbai-suburban-railway,Mumbai,SUBURBAN_RAIL,Western Railway / Central Railway (Indian Railways); study commissioned by MRVC,Harbour Line,,,BOTH,ALL,2011-12-08,2012-02-10,16.00 to 17.00,16.00 to 17.00,91541,station_entries_plus_exits_hourly_share,passengers per hour summed over the surveyed stations on the line,,,6.2,,,,,,,,,,,,,,,,,line_summary_of_surveyed_stations,counted_at_entry_exit_points,station entry/exit counts summarised per hour,Mumbai Sub-urban Rail Passenger Surveys and Analysis (Executive Summary),Table E-21,28,PDF table extraction (hourly_entry_exit),,,
mumbai-suburban-railway,Mumbai,SUBURBAN_RAIL,Western Railway / Central Railway (Indian Railways); study commissioned by MRVC,Harbour Line,,,BOTH,ALL,2011-12-08,2012-02-10,17.00 to 18.00,17.00 to 18.00,107628,station_entries_plus_exits_hourly_share,passengers per hour summed over the surveyed stations on the line,,,7.3,,,,,,,,,,,,,,,,,line_summary_of_surveyed_stations,counted_at_entry_exit_points,station entry/exit counts summarised per hour,Mumbai Sub-urban Rail Passenger Surveys and Analysis (Executive Summary),Table E-21,28,PDF table extraction (hourly_entry_exit),,,
mumbai-suburban-railway,Mumbai,SUBURBAN_RAIL,Western Railway / Central Railway (Indian Railways); study commissioned by MRVC,Harbour Line,,,BOTH,ALL,2011-12-08,2012-02-10,18.00 to 19.00,18.00 to 19.00,133328,station_entries_plus_exits_hourly_share,passengers per hour summed over the surveyed stations on the line,,,9.0,,,,,,,,,,,,,,,,,line_summary_of_surveyed_stations,counted_at_entry_exit_points,station entry/exit counts summarised per hour,Mumbai Sub-urban Rail Passenger Surveys and Analysis (Executive Summary),Table E-21,28,PDF table extraction (hourly_entry_exit),,,
mumbai-suburban-railway,Mumbai,SUBURBAN_RAIL,Western Railway / Central Railway (Indian Railways); study commissioned by MRVC,Harbour Line,,,BOTH,ALL,2011-12-08,2012-02-10,19.00 to 20.00,19.00 to 20.00,125012,station_entries_plus_exits_hourly_share,passengers per hour summed over the surveyed stations on the line,,,8.4,,,,,,,,,,,,,,,,,line_summary_of_surveyed_stations,counted_at_entry_exit_points,station entry/exit counts summarised per hour,Mumbai Sub-urban Rail Passenger Surveys and Analysis (Executive Summary),Table E-21,28,PDF table extraction (hourly_entry_exit),,,
mumbai-suburban-railway,Mumbai,SUBURBAN_RAIL,Western Railway / Central Railway (Indian Railways); study commissioned by MRVC,Harbour Line,,,BOTH,ALL,2011-12-08,2012-02-10,20.00 to 21.00,20.00 to 21.00,103852,station_entries_plus_exits_hourly_share,passengers per hour summed over the surveyed stations on the line,,,7.0,,,,,,,,,,,,,,,,,line_summary_of_surveyed_stations,counted_at_entry_exit_points,station entry/exit counts summarised per hour,Mumbai Sub-urban Rail Passenger Surveys and Analysis (Executive Summary),Table E-21,28,PDF table extraction (hourly_entry_exit),,,
mumbai-suburban-railway,Mumbai,SUBURBAN_RAIL,Western Railway / Central Railway (Indian Railways); study commissioned by MRVC,Harbour Line,,,BOTH,ALL,2011-12-08,2012-02-10,21.00 to 22.0,21.00 to 22.0,82611,station_entries_plus_exits_hourly_share,passengers per hour summed over the surveyed stations on the line,,,5.6,,,,,,,,,,,,,,,,,line_summary_of_surveyed_stations,counted_at_entry_exit_points,station entry/exit counts summarised per hour,Mumbai Sub-urban Rail Passenger Surveys and Analysis (Executive Summary),Table E-21,28,PDF table extraction (hourly_entry_exit),,,
mumbai-suburban-railway,Mumbai,SUBURBAN_RAIL,Western Railway / Central Railway (Indian Railways); study commissioned by MRVC,Western Line,,,UP,SLOW_AND_FAST,2012-02-11,2012-03-15,8:30 - 9:30,8:30 - 9:30,143690,peak_hour_section_load,passengers in trains between the section during the peak hour,,,,,,,,143690.0,,,,,,,,,,,Dadar-Elphinstone Rd,section,derived_from_sample_survey,peak-hour section load derived from in-train boarding/alighting counts,Mumbai Sub-urban Rail Passenger Surveys and Analysis (Executive Summary),Table E-9,14,PDF table extraction (section_load),"Up Direction, Peak hour (8:30 - 9:30)",Fast + Slow,
mumbai-suburban-railway,Mumbai,SUBURBAN_RAIL,Western Railway / Central Railway (Indian Railways); study commissioned by MRVC,Western Line,,,UP,FAST,2012-02-11,2012-03-15,8:30 - 9:30,8:30 - 9:30,71110,peak_hour_section_load,passengers in trains between the section during the peak hour,,,,,,,,71110.0,,,,,,,,,,,Dadar-Elphinstone Rd,section,derived_from_sample_survey,peak-hour section load derived from in-train boarding/alighting counts,Mumbai Sub-urban Rail Passenger Surveys and Analysis (Executive Summary),Table E-9,14,PDF table extraction (section_load),"Up Direction, Peak hour (8:30 - 9:30)",Fast Services,
mumbai-suburban-railway,Mumbai,SUBURBAN_RAIL,Western Railway / Central Railway (Indian Railways); study commissioned by MRVC,Western Line,,,UP,SLOW,2012-02-11,2012-03-15,8:30 - 9:30,8:30 - 9:30,75029,peak_hour_section_load,passengers in trains between the section during the peak hour,,,,,,,,75029.0,,,,,,,,,,,Goregaon-Jogeshwari,section,derived_from_sample_survey,peak-hour section load derived from in-train boarding/alighting counts,Mumbai Sub-urban Rail Passenger Surveys and Analysis (Executive Summary),Table E-9,14,PDF table extraction (section_load),"Up Direction, Peak hour (8:30 - 9:30)",Slow Services,
mumbai-suburban-railway,Mumbai,SUBURBAN_RAIL,Western Railway / Central Railway (Indian Railways); study commissioned by MRVC,Western Line,,,DOWN,SLOW_AND_FAST,2012-02-11,2012-03-15,18:00 - 19:00,18:00 - 19:00,160633,peak_hour_section_load,passengers in trains between the section during the peak hour,,,,,,,,160633.0,,,,,,,,,,,Dadar- Matunga,section,derived_from_sample_survey,peak-hour section load derived from in-train boarding/alighting counts,Mumbai Sub-urban Rail Passenger Surveys and Analysis (Executive Summary),Table E-9,14,PDF table extraction (section_load),"Down Direction, Peak hour (18:00 - 19:00)",Fast + Slow,
mumbai-suburban-railway,Mumbai,SUBURBAN_RAIL,Western Railway / Central Railway (Indian Railways); study commissioned by MRVC,Western Line,,,DOWN,FAST,2012-02-11,2012-03-15,18:00 - 19:00,18:00 - 19:00,89085,peak_hour_section_load,passengers in trains between the section during the peak hour,,,,,,,,89085.0,,,,,,,,,,,Dadar- Matunga,section,derived_from_sample_survey,peak-hour section load derived from in-train boarding/alighting counts,Mumbai Sub-urban Rail Passenger Surveys and Analysis (Executive Summary),Table E-9,14,PDF table extraction (section_load),"Down Direction, Peak hour (18:00 - 19:00)",Fast Services,
mumbai-suburban-railway,Mumbai,SUBURBAN_RAIL,Western Railway / Central Railway (Indian Railways); study commissioned by MRVC,Western Line,,,DOWN,SLOW,2012-02-11,2012-03-15,18:00 - 19:00,18:00 - 19:00,81844,peak_hour_section_load,passengers in trains between the section during the peak hour,,,,,,,,81844.0,,,,,,,,,,,Khar road- Andheri,section,derived_from_sample_survey,peak-hour section load derived from in-train boarding/alighting counts,Mumbai Sub-urban Rail Passenger Surveys and Analysis (Executive Summary),Table E-9,14,PDF table extraction (section_load),"Down Direction, Peak hour (18:00 - 19:00)",Slow Services,
mumbai-suburban-railway,Mumbai,SUBURBAN_RAIL,Western Railway / Central Railway (Indian Railways); study commissioned by MRVC,Central Line,,,UP,SLOW_AND_FAST,2012-02-11,2012-03-15,8.30-9.30,8.30-9.30,106545,peak_hour_section_load,passengers in trains between the section during the peak hour,,,,,,,,106545.0,,,,,,,,,,,Vidyavihar- Kurla,section,derived_from_sample_survey,peak-hour section load derived from in-train boarding/alighting counts,Mumbai Sub-urban Rail Passenger Surveys and Analysis (Executive Summary),Table E-11,19,PDF table extraction (section_load),"Up Direction, Peak Hour (8.30-9.30)",Fast + Slow,
mumbai-suburban-railway,Mumbai,SUBURBAN_RAIL,Western Railway / Central Railway (Indian Railways); study commissioned by MRVC,Central Line,,,UP,FAST,2012-02-11,2012-03-15,8.30-9.30,8.30-9.30,64353,peak_hour_section_load,passengers in trains between the section during the peak hour,,,,,,,,64353.0,,,,,,,,,,,Kanjurmarg- Vikroli,section,derived_from_sample_survey,peak-hour section load derived from in-train boarding/alighting counts,Mumbai Sub-urban Rail Passenger Surveys and Analysis (Executive Summary),Table E-11,19,PDF table extraction (section_load),"Up Direction, Peak Hour (8.30-9.30)",Fast Services,
mumbai-suburban-railway,Mumbai,SUBURBAN_RAIL,Western Railway / Central Railway (Indian Railways); study commissioned by MRVC,Central Line,,,UP,SLOW,2012-02-11,2012-03-15,8.30-9.30,8.30-9.30,43581,peak_hour_section_load,passengers in trains between the section during the peak hour,,,,,,,,43581.0,,,,,,,,,,,Vidyavihar- Kurla,section,derived_from_sample_survey,peak-hour section load derived from in-train boarding/alighting counts,Mumbai Sub-urban Rail Passenger Surveys and Analysis (Executive Summary),Table E-11,19,PDF table extraction (section_load),"Up Direction, Peak Hour (8.30-9.30)",Slow Services,
mumbai-suburban-railway,Mumbai,SUBURBAN_RAIL,Western Railway / Central Railway (Indian Railways); study commissioned by MRVC,Central Line,,,DOWN,SLOW_AND_FAST,2012-02-11,2012-03-15,18.30-19.30,18.30-19.30,102926,peak_hour_section_load,passengers in trains between the section during the peak hour,,,,,,,,102926.0,,,,,,,,,,,Ghatkopar-Vikroli,section,derived_from_sample_survey,peak-hour section load derived from in-train boarding/alighting counts,Mumbai Sub-urban Rail Passenger Surveys and Analysis (Executive Summary),Table E-11,19,PDF table extraction (section_load),"Down Direction, Peak Hour (18.30-19.30)",Fast + Slow,
mumbai-suburban-railway,Mumbai,SUBURBAN_RAIL,Western Railway / Central Railway (Indian Railways); study commissioned by MRVC,Central Line,,,DOWN,FAST,2012-02-11,2012-03-15,18.30-19.30,18.30-19.30,59903,peak_hour_section_load,passengers in trains between the section during the peak hour,,,,,,,,59903.0,,,,,,,,,,,Ghatkopar-Vikroli,section,derived_from_sample_survey,peak-hour section load derived from in-train boarding/alighting counts,Mumbai Sub-urban Rail Passenger Surveys and Analysis (Executive Summary),Table E-11,19,PDF table extraction (section_load),"Down Direction, Peak Hour (18.30-19.30)",Fast Services,
mumbai-suburban-railway,Mumbai,SUBURBAN_RAIL,Western Railway / Central Railway (Indian Railways); study commissioned by MRVC,Central Line,,,DOWN,SLOW,2012-02-11,2012-03-15,18.30-19.30,18.30-19.30,49724,peak_hour_section_load,passengers in trains between the section during the peak hour,,,,,,,,49724.0,,,,,,,,,,,Sion-Kurla,section,derived_from_sample_survey,peak-hour section load derived from in-train boarding/alighting counts,Mumbai Sub-urban Rail Passenger Surveys and Analysis (Executive Summary),Table E-11,19,PDF table extraction (section_load),"Down Direction, Peak Hour (18.30-19.30)",Slow Services,
mumbai-suburban-railway,Mumbai,SUBURBAN_RAIL,Western Railway / Central Railway (Indian Railways); study commissioned by MRVC,Harbour Line,,,UP,MAIN_HARBOUR,2012-02-11,2012-03-15,8:00-9:00,8:00-9:00,29190,peak_hour_section_load,passengers in trains between the section during the peak hour,,,,,,,,29190.0,,,,,,,,,,,Vadala Road- Sewri,section,derived_from_sample_survey,peak-hour section load derived from in-train boarding/alighting counts,Mumbai Sub-urban Rail Passenger Surveys and Analysis (Executive Summary),Table E-12,19,PDF table extraction (section_load),"Up Direction, Peak hour (8:00-9:00)",Main Harbour,
mumbai-suburban-railway,Mumbai,SUBURBAN_RAIL,Western Railway / Central Railway (Indian Railways); study commissioned by MRVC,Harbour Line,,,UP,TRANS_HARBOUR,2012-02-11,2012-03-15,8:00-9:00,8:00-9:00,20500,peak_hour_section_load,passengers in trains between the section during the peak hour,,,,,,,,20500.0,,,,,,,,,,,Thane-Airoli,section,derived_from_sample_survey,peak-hour section load derived from in-train boarding/alighting counts,Mumbai Sub-urban Rail Passenger Surveys and Analysis (Executive Summary),Table E-12,19,PDF table extraction (section_load),"Up Direction, Peak hour (8:00-9:00)",Trans Harbour,
mumbai-suburban-railway,Mumbai,SUBURBAN_RAIL,Western Railway / Central Railway (Indian Railways); study commissioned by MRVC,Harbour Line,,,DOWN,MAIN_HARBOUR,2012-02-11,2012-03-15,18:30-19:30,18:30-19:30,34584,peak_hour_section_load,passengers in trains between the section during the peak hour,,,,,,,,34584.0,,,,,,,,,,,Sewri-Wadala Road,section,derived_from_sample_survey,peak-hour section load derived from in-train boarding/alighting counts,Mumbai Sub-urban Rail Passenger Surveys and Analysis (Executive Summary),Table E-12,19,PDF table extraction (section_load),Down Direction Peak hour (18:30-19:30),Main Harbour,
mumbai-suburban-railway,Mumbai,SUBURBAN_RAIL,Western Railway / Central Railway (Indian Railways); study commissioned by MRVC,Harbour Line,,,DOWN,TRANS_HARBOUR,2012-02-11,2012-03-15,18:30-19:30,18:30-19:30,17489,peak_hour_section_load,passengers in trains between the section during the peak hour,,,,,,,,17489.0,,,,,,,,,,,Ghansoli- Rabale,section,derived_from_sample_survey,peak-hour section load derived from in-train boarding/alighting counts,Mumbai Sub-urban Rail Passenger Surveys and Analysis (Executive Summary),Table E-12,19,PDF table extraction (section_load),Down Direction Peak hour (18:30-19:30),Trans Harbour,
mumbai-suburban-railway,Mumbai,SUBURBAN_RAIL,Western Railway / Central Railway (Indian Railways); study commissioned by MRVC,Virar-Dhanu Road Line,,,UP,ALL,2013-06-17,2013-06-18,08:30 - 09:30,08:30 - 09:30,3181,peak_hour_section_load,passengers in trains between the section during the peak hour,,,,,,,,3181.0,,,,,,,,,,,Palghar-Kelve Road,section,derived_from_sample_survey,peak-hour section load derived from in-train boarding/alighting counts,Mumbai Sub-urban Rail Passenger Surveys and Analysis (Executive Summary),Table E-10,18,PDF table extraction (section_load),Up Direction,,
mumbai-suburban-railway,Mumbai,SUBURBAN_RAIL,Western Railway / Central Railway (Indian Railways); study commissioned by MRVC,Virar-Dhanu Road Line,,,DOWN,ALL,2013-06-17,2013-06-18,18:00 - 19:00,18:00 - 19:00,5525,peak_hour_section_load,passengers in trains between the section during the peak hour,,,,,,,,5525.0,,,,,,,,,,,Vangaon-Boisar,section,derived_from_sample_survey,peak-hour section load derived from in-train boarding/alighting counts,Mumbai Sub-urban Rail Passenger Surveys and Analysis (Executive Summary),Table E-10,18,PDF table extraction (section_load),Down Direction,,
mumbai-suburban-railway,Mumbai,SUBURBAN_RAIL,Western Railway / Central Railway (Indian Railways); study commissioned by MRVC,Western Line,,,BOTH,FAST,2012-02-11,2012-03-15,peak hour,,5560,peak_hour_passengers_per_train,passengers per train,,,,,,,,,5560.0,5568.0,3522.0,,,,,,,,,line_service_type,derived_from_section_load,peak-hour section load divided by number of trains in the peak hour,Mumbai Sub-urban Rail Passenger Surveys and Analysis (Executive Summary),Narrative iv,24,PDF table extraction (train_crowding),,Fast,
mumbai-suburban-railway,Mumbai,SUBURBAN_RAIL,Western Railway / Central Railway (Indian Railways); study commissioned by MRVC,Western Line,,,BOTH,SLOW,2012-02-11,2012-03-15,peak hour,,4182,peak_hour_passengers_per_train,passengers per train,,,,,,,,,4182.0,4573.0,3522.0,,,,,,,,,line_service_type,derived_from_section_load,peak-hour section load divided by number of trains in the peak hour,Mumbai Sub-urban Rail Passenger Surveys and Analysis (Executive Summary),Narrative iv,24,PDF table extraction (train_crowding),,Slow,
mumbai-suburban-railway,Mumbai,SUBURBAN_RAIL,Western Railway / Central Railway (Indian Railways); study commissioned by MRVC,Virar-Dhanu Road Line,,,UP,ALL,2012-02-11,2012-03-15,peak hour,,1999,peak_hour_passengers_per_train,passengers per train,,,,,,,,,1999.0,,,,,,,,,,,line_service_type,derived_from_section_load,peak-hour section load divided by number of trains in the peak hour,Mumbai Sub-urban Rail Passenger Surveys and Analysis (Executive Summary),Narrative iv,24,PDF table extraction (train_crowding),,,
mumbai-suburban-railway,Mumbai,SUBURBAN_RAIL,Western Railway / Central Railway (Indian Railways); study commissioned by MRVC,Virar-Dhanu Road Line,,,DOWN,ALL,2012-02-11,2012-03-15,peak hour,,3455,peak_hour_passengers_per_train,passengers per train,,,,,,,,,3455.0,,,,,,,,,,,line_service_type,derived_from_section_load,peak-hour section load divided by number of trains in the peak hour,Mumbai Sub-urban Rail Passenger Surveys and Analysis (Executive Summary),Narrative iv,24,PDF table extraction (train_crowding),,,
mumbai-suburban-railway,Mumbai,SUBURBAN_RAIL,Western Railway / Central Railway (Indian Railways); study commissioned by MRVC,Central Line,,,UP,FAST,2012-02-11,2012-03-15,peak hour,,4341,peak_hour_passengers_per_train,passengers per train,,,,,,,,,4341.0,,3522.0,,,,,,,,,line_service_type,derived_from_section_load,peak-hour section load divided by number of trains in the peak hour,Mumbai Sub-urban Rail Passenger Surveys and Analysis (Executive Summary),Narrative iv,24,PDF table extraction (train_crowding),,Fast,
mumbai-suburban-railway,Mumbai,SUBURBAN_RAIL,Western Railway / Central Railway (Indian Railways); study commissioned by MRVC,Central Line,,,UP,SLOW,2012-02-11,2012-03-15,peak hour,,3632,peak_hour_passengers_per_train,passengers per train,,,,,,,,,3632.0,,3522.0,,,,,,,,,line_service_type,derived_from_section_load,peak-hour section load divided by number of trains in the peak hour,Mumbai Sub-urban Rail Passenger Surveys and Analysis (Executive Summary),Narrative iv,24,PDF table extraction (train_crowding),,Slow,
mumbai-suburban-railway,Mumbai,SUBURBAN_RAIL,Western Railway / Central Railway (Indian Railways); study commissioned by MRVC,Central Line,,,DOWN,SLOW,2012-02-11,2012-03-15,peak hour,,4498,peak_hour_passengers_per_train,passengers per train,,,,,,,,,4498.0,,3522.0,,,,,,,,,line_service_type,derived_from_section_load,peak-hour section load divided by number of trains in the peak hour,Mumbai Sub-urban Rail Passenger Surveys and Analysis (Executive Summary),Narrative iv,24,PDF table extraction (train_crowding),,Slow,
mumbai-suburban-railway,Mumbai,SUBURBAN_RAIL,Western Railway / Central Railway (Indian Railways); study commissioned by MRVC,Central Line,,,DOWN,FAST,2012-02-11,2012-03-15,peak hour,,5446,peak_hour_passengers_per_train,passengers per train,,,,,,,,,5446.0,,3522.0,,,,,,,,,line_service_type,derived_from_section_load,peak-hour section load divided by number of trains in the peak hour,Mumbai Sub-urban Rail Passenger Surveys and Analysis (Executive Summary),Narrative iv,24,PDF table extraction (train_crowding),,Fast,
mumbai-suburban-railway,Mumbai,SUBURBAN_RAIL,Western Railway / Central Railway (Indian Railways); study commissioned by MRVC,Harbour Line,,,UP,ALL,2012-02-11,2012-03-15,peak hour,,2558,peak_hour_passengers_per_train,passengers per train,,,,,,,,,2558.0,,1800.0,,,,,,,,,line_service_type,derived_from_section_load,peak-hour section load divided by number of trains in the peak hour,Mumbai Sub-urban Rail Passenger Surveys and Analysis (Executive Summary),Narrative iv,24,PDF table extraction (train_crowding),,,
mumbai-suburban-railway,Mumbai,SUBURBAN_RAIL,Western Railway / Central Railway (Indian Railways); study commissioned by MRVC,Harbour Line,,,DOWN,ALL,2012-02-11,2012-03-15,peak hour,,2943,peak_hour_passengers_per_train,passengers per train,,,,,,,,,2943.0,,1800.0,,,,,,,,,line_service_type,derived_from_section_load,peak-hour section load divided by number of trains in the peak hour,Mumbai Sub-urban Rail Passenger Surveys and Analysis (Executive Summary),Narrative iv,24,PDF table extraction (train_crowding),,,
mumbai-suburban-railway,Mumbai,SUBURBAN_RAIL,Western Railway / Central Railway (Indian Railways); study commissioned by MRVC,Entire suburban system,,,UP,SLOW_AND_FAST,2012-02-11,2012-03-15,08:30-09:30,,632000,peak_hour_passengers_travelling,passengers per peak hour,,,,,,,,,,,,,,,,,08:30-09:30,632000.0,,line,derived_from_sample_survey,"Values read from the report narrative describing Figures E-4..E-9; figures whose axis labels are only available as raster images are marked derived, not machine-extracted.",Mumbai Sub-urban Rail Passenger Surveys and Analysis (Executive Summary),Figure E-4,12,PDF table extraction (peak_hour),,,to E-9 (narrative values
mumbai-suburban-railway,Mumbai,SUBURBAN_RAIL,Western Railway / Central Railway (Indian Railways); study commissioned by MRVC,Entire suburban system,,,DOWN,SLOW_AND_FAST,2012-02-11,2012-03-15,18:00-19:00,,587437,peak_hour_passengers_travelling,passengers per peak hour,,,,,,,,,,,,,,,,,18:00-19:00,587437.0,,line,derived_from_sample_survey,"Values read from the report narrative describing Figures E-4..E-9; figures whose axis labels are only available as raster images are marked derived, not machine-extracted.",Mumbai Sub-urban Rail Passenger Surveys and Analysis (Executive Summary),Figure E-4,12,PDF table extraction (peak_hour),,,to E-9 (narrative values
mumbai-suburban-railway,Mumbai,SUBURBAN_RAIL,Western Railway / Central Railway (Indian Railways); study commissioned by MRVC,Western Line,,,UP,SLOW_AND_FAST,2012-02-11,2012-03-15,08:30-09:30,,306000,peak_hour_passengers_travelling,passengers per peak hour,,,,,,,,,,,,,,,,,08:30-09:30,306000.0,,line,derived_from_sample_survey,"Values read from the report narrative describing Figures E-4..E-9; figures whose axis labels are only available as raster images are marked derived, not machine-extracted.",Mumbai Sub-urban Rail Passenger Surveys and Analysis (Executive Summary),Figure E-4,12,PDF table extraction (peak_hour),,,to E-9 (narrative values
mumbai-suburban-railway,Mumbai,SUBURBAN_RAIL,Western Railway / Central Railway (Indian Railways); study commissioned by MRVC,Western Line,,,DOWN,SLOW_AND_FAST,2012-02-11,2012-03-15,18:00-19:00,,275000,peak_hour_passengers_travelling,passengers per peak hour,,,,,,,,,,,,,,,,,18:00-19:00,275000.0,,line,derived_from_sample_survey,"Values read from the report narrative describing Figures E-4..E-9; figures whose axis labels are only available as raster images are marked derived, not machine-extracted.",Mumbai Sub-urban Rail Passenger Surveys and Analysis (Executive Summary),Figure E-4,12,PDF table extraction (peak_hour),,,to E-9 (narrative values
mumbai-suburban-railway,Mumbai,SUBURBAN_RAIL,Western Railway / Central Railway (Indian Railways); study commissioned by MRVC,Virar-Dhanu Road Line,,,UP,SLOW_AND_FAST,2012-02-11,2012-03-15,08:30-09:30,,4678,peak_hour_passengers_travelling,passengers per peak hour,,,,,,,,,,,,,,,,,08:30-09:30,4678.0,,line,derived_from_sample_survey,"Values read from the report narrative describing Figures E-4..E-9; figures whose axis labels are only available as raster images are marked derived, not machine-extracted.",Mumbai Sub-urban Rail Passenger Surveys and Analysis (Executive Summary),Figure E-4,12,PDF table extraction (peak_hour),,,to E-9 (narrative values
mumbai-suburban-railway,Mumbai,SUBURBAN_RAIL,Western Railway / Central Railway (Indian Railways); study commissioned by MRVC,Virar-Dhanu Road Line,,,DOWN,SLOW_AND_FAST,2012-02-11,2012-03-15,18:00-19:00,,7578,peak_hour_passengers_travelling,passengers per peak hour,,,,,,,,,,,,,,,,,18:00-19:00,7578.0,,line,derived_from_sample_survey,"Values read from the report narrative describing Figures E-4..E-9; figures whose axis labels are only available as raster images are marked derived, not machine-extracted.",Mumbai Sub-urban Rail Passenger Surveys and Analysis (Executive Summary),Figure E-4,12,PDF table extraction (peak_hour),,,to E-9 (narrative values
mumbai-suburban-railway,Mumbai,SUBURBAN_RAIL,Western Railway / Central Railway (Indian Railways); study commissioned by MRVC,Central Line,,,UP,SLOW_AND_FAST,2012-02-11,2012-03-15,08:30-09:30,,217000,peak_hour_passengers_travelling,passengers per peak hour,,,,,,,,,,,,,,,,,08:30-09:30,217000.0,,line,derived_from_sample_survey,"Values read from the report narrative describing Figures E-4..E-9; figures whose axis labels are only available as raster images are marked derived, not machine-extracted.",Mumbai Sub-urban Rail Passenger Surveys and Analysis (Executive Summary),Figure E-4,13,PDF table extraction (peak_hour),,,to E-9 (narrative values
mumbai-suburban-railway,Mumbai,SUBURBAN_RAIL,Western Railway / Central Railway (Indian Railways); study commissioned by MRVC,Central Line,,,DOWN,SLOW_AND_FAST,2012-02-11,2012-03-15,18:30-19:30,,192000,peak_hour_passengers_travelling,passengers per peak hour,,,,,,,,,,,,,,,,,18:30-19:30,192000.0,,line,derived_from_sample_survey,"Values read from the report narrative describing Figures E-4..E-9; figures whose axis labels are only available as raster images are marked derived, not machine-extracted.",Mumbai Sub-urban Rail Passenger Surveys and Analysis (Executive Summary),Figure E-4,13,PDF table extraction (peak_hour),,,to E-9 (narrative values
mumbai-suburban-railway,Mumbai,SUBURBAN_RAIL,Western Railway / Central Railway (Indian Railways); study commissioned by MRVC,Harbour Line,,,UP,SLOW_AND_FAST,2012-02-11,2012-03-15,08:00-09:00,,87000,peak_hour_passengers_travelling,passengers per peak hour,,,,,,,,,,,,,,,,,08:00-09:00,87000.0,,line,derived_from_sample_survey,"Values read from the report narrative describing Figures E-4..E-9; figures whose axis labels are only available as raster images are marked derived, not machine-extracted.",Mumbai Sub-urban Rail Passenger Surveys and Analysis (Executive Summary),Figure E-4,13,PDF table extraction (peak_hour),,,to E-9 (narrative values
mumbai-suburban-railway,Mumbai,SUBURBAN_RAIL,Western Railway / Central Railway (Indian Railways); study commissioned by MRVC,Harbour Line,,,DOWN,SLOW_AND_FAST,2012-02-11,2012-03-15,18:30-19:30,,101000,peak_hour_passengers_travelling,passengers per peak hour,,,,,,,,,,,,,,,,,18:30-19:30,101000.0,,line,derived_from_sample_survey,"Values read from the report narrative describing Figures E-4..E-9; figures whose axis labels are only available as raster images are marked derived, not machine-extracted.",Mumbai Sub-urban Rail Passenger Surveys and Analysis (Executive Summary),Figure E-4,13,PDF table extraction (peak_hour),,,to E-9 (narrative values
mumbai-suburban-railway,Mumbai,SUBURBAN_RAIL,Western Railway / Central Railway (Indian Railways); study commissioned by MRVC,Trans-Harbour Line,,,UP,SLOW_AND_FAST,2012-02-11,2012-03-15,08:00-09:00,,34000,peak_hour_passengers_travelling,passengers per peak hour,,,,,,,,,,,,,,,,,08:00-09:00,34000.0,,line,derived_from_sample_survey,"Values read from the report narrative describing Figures E-4..E-9; figures whose axis labels are only available as raster images are marked derived, not machine-extracted.",Mumbai Sub-urban Rail Passenger Surveys and Analysis (Executive Summary),Figure E-4,14,PDF table extraction (peak_hour),,,to E-9 (narrative values
mumbai-suburban-railway,Mumbai,SUBURBAN_RAIL,Western Railway / Central Railway (Indian Railways); study commissioned by MRVC,Trans-Harbour Line,,,DOWN,SLOW_AND_FAST,2012-02-11,2012-03-15,18:00-19:00,,33000,peak_hour_passengers_travelling,passengers per peak hour,,,,,,,,,,,,,,,,,18:00-19:00,33000.0,,line,derived_from_sample_survey,"Values read from the report narrative describing Figures E-4..E-9; figures whose axis labels are only available as raster images are marked derived, not machine-extracted.",Mumbai Sub-urban Rail Passenger Surveys and Analysis (Executive Summary),Figure E-4,14,PDF table extraction (peak_hour),,,to E-9 (narrative values
mumbai-suburban-railway,Mumbai,SUBURBAN_RAIL,Western Railway / Central Railway (Indian Railways); study commissioned by MRVC,Western Line,churchgate,Churchgate,BOTH,ALL,2012-11-21,2012-11-21,peak hours,,35,queue_length_at_ticket_counters,persons queued; average minutes in queue,,,,,,,,,,,,16.0,14.0,35.0,20.0,2012-11-21,,,,station,directly_observed,counters and queue length observed at the stated survey date,Mumbai Sub-urban Rail Passenger Surveys and Analysis (Executive Summary),Table E-22,28,PDF table extraction (queue),,,
mumbai-suburban-railway,Mumbai,SUBURBAN_RAIL,Western Railway / Central Railway (Indian Railways); study commissioned by MRVC,Western Line,mumbai-central,Mumbai Central,BOTH,ALL,2012-11-21,2012-11-21,peak hours,,45,queue_length_at_ticket_counters,persons queued; average minutes in queue,,,,,,,,,,,,8.0,7.0,45.0,25.0,2012-11-21,,,,station,directly_observed,counters and queue length observed at the stated survey date,Mumbai Sub-urban Rail Passenger Surveys and Analysis (Executive Summary),Table E-22,28,PDF table extraction (queue),,,
mumbai-suburban-railway,Mumbai,SUBURBAN_RAIL,Western Railway / Central Railway (Indian Railways); study commissioned by MRVC,Western Line,dadar-west,Dadar West,BOTH,ALL,2012-11-21,2012-11-21,peak hours,,54,queue_length_at_ticket_counters,persons queued; average minutes in queue,,,,,,,,,,,,21.0,20.0,54.0,30.0,2012-11-21,,,,station,directly_observed,counters and queue length observed at the stated survey date,Mumbai Sub-urban Rail Passenger Surveys and Analysis (Executive Summary),Table E-22,28,PDF table extraction (queue),,,
mumbai-suburban-railway,Mumbai,SUBURBAN_RAIL,Western Railway / Central Railway (Indian Railways); study commissioned by MRVC,Western Line,mahim,Mahim,BOTH,ALL,2012-11-21,2012-11-21,peak hours,,35,queue_length_at_ticket_counters,persons queued; average minutes in queue,,,,,,,,,,,,12.0,9.0,35.0,20.0,2012-11-21,,,,station,directly_observed,counters and queue length observed at the stated survey date,Mumbai Sub-urban Rail Passenger Surveys and Analysis (Executive Summary),Table E-22,28,PDF table extraction (queue),,,
mumbai-suburban-railway,Mumbai,SUBURBAN_RAIL,Western Railway / Central Railway (Indian Railways); study commissioned by MRVC,Western Line,bandra,Bandra,BOTH,ALL,2012-11-21,2012-11-21,peak hours,,17,queue_length_at_ticket_counters,persons queued; average minutes in queue,,,,,,,,,,,,19.0,17.0,17.0,10.0,2012-11-21,,,,station,directly_observed,counters and queue length observed at the stated survey date,Mumbai Sub-urban Rail Passenger Surveys and Analysis (Executive Summary),Table E-22,28,PDF table extraction (queue),,,
mumbai-suburban-railway,Mumbai,SUBURBAN_RAIL,Western Railway / Central Railway (Indian Railways); study commissioned by MRVC,Western Line,andheri,Andheri,BOTH,ALL,2012-11-21,2012-11-21,peak hours,,36,queue_length_at_ticket_counters,persons queued; average minutes in queue,,,,,,,,,,,,19.0,17.0,36.0,20.0,2012-11-21,,,,station,directly_observed,counters and queue length observed at the stated survey date,Mumbai Sub-urban Rail Passenger Surveys and Analysis (Executive Summary),Table E-22,28,PDF table extraction (queue),,,
mumbai-suburban-railway,Mumbai,SUBURBAN_RAIL,Western Railway / Central Railway (Indian Railways); study commissioned by MRVC,Western Line,goregaon,Goregaon,BOTH,ALL,2012-11-21,2012-11-21,peak hours,,41,queue_length_at_ticket_counters,persons queued; average minutes in queue,,,,,,,,,,,,13.0,12.0,41.0,20.0,2012-11-21,,,,station,directly_observed,counters and queue length observed at the stated survey date,Mumbai Sub-urban Rail Passenger Surveys and Analysis (Executive Summary),Table E-22,28,PDF table extraction (queue),,,
mumbai-suburban-railway,Mumbai,SUBURBAN_RAIL,Western Railway / Central Railway (Indian Railways); study commissioned by MRVC,Western Line,borivali,Borivali,BOTH,ALL,2012-11-21,2012-11-21,peak hours,,26,queue_length_at_ticket_counters,persons queued; average minutes in queue,,,,,,,,,,,,36.0,30.0,26.0,15.0,2012-11-21,,,,station,directly_observed,counters and queue length observed at the stated survey date,Mumbai Sub-urban Rail Passenger Surveys and Analysis (Executive Summary),Table E-22,28,PDF table extraction (queue),,,
mumbai-suburban-railway,Mumbai,SUBURBAN_RAIL,Western Railway / Central Railway (Indian Railways); study commissioned by MRVC,Western Line,mira-road,Mira Road,BOTH,ALL,2012-11-21,2012-11-21,peak hours,,14,queue_length_at_ticket_counters,persons queued; average minutes in queue,,,,,,,,,,,,13.0,11.0,14.0,10.0,2012-11-21,,,,station,directly_observed,counters and queue length observed at the stated survey date,Mumbai Sub-urban Rail Passenger Surveys and Analysis (Executive Summary),Table E-22,28,PDF table extraction (queue),,,
mumbai-suburban-railway,Mumbai,SUBURBAN_RAIL,Western Railway / Central Railway (Indian Railways); study commissioned by MRVC,Western Line,bhayander,Bhayander,BOTH,ALL,2012-11-21,2012-11-21,peak hours,,52,queue_length_at_ticket_counters,persons queued; average minutes in queue,,,,,,,,,,,,16.0,11.0,52.0,30.0,2012-11-21,,,,station,directly_observed,counters and queue length observed at the stated survey date,Mumbai Sub-urban Rail Passenger Surveys and Analysis (Executive Summary),Table E-22,28,PDF table extraction (queue),,,
mumbai-suburban-railway,Mumbai,SUBURBAN_RAIL,Western Railway / Central Railway (Indian Railways); study commissioned by MRVC,Western Line,vasai-road,Vasai Road,BOTH,ALL,2012-11-21,2012-11-21,peak hours,,36,queue_length_at_ticket_counters,persons queued; average minutes in queue,,,,,,,,,,,,20.0,12.0,36.0,20.0,2012-11-21,,,,station,directly_observed,counters and queue length observed at the stated survey date,Mumbai Sub-urban Rail Passenger Surveys and Analysis (Executive Summary),Table E-22,28,PDF table extraction (queue),,,
mumbai-suburban-railway,Mumbai,SUBURBAN_RAIL,Western Railway / Central Railway (Indian Railways); study commissioned by MRVC,Western Line,nalasopara,Nalasopara,BOTH,ALL,2012-11-21,2012-11-21,peak hours,,35,queue_length_at_ticket_counters,persons queued; average minutes in queue,,,,,,,,,,,,10.0,6.0,35.0,20.0,2012-11-21,,,,station,directly_observed,counters and queue length observed at the stated survey date,Mumbai Sub-urban Rail Passenger Surveys and Analysis (Executive Summary),Table E-22,28,PDF table extraction (queue),,,
mumbai-suburban-railway,Mumbai,SUBURBAN_RAIL,Western Railway / Central Railway (Indian Railways); study commissioned by MRVC,Western Line,virar,Virar,BOTH,ALL,2012-11-21,2012-11-21,peak hours,,38,queue_length_at_ticket_counters,persons queued; average minutes in queue,,,,,,,,,,,,19.0,11.0,38.0,20.0,2012-11-21,,,,station,directly_observed,counters and queue length observed at the stated survey date,Mumbai Sub-urban Rail Passenger Surveys and Analysis (Executive Summary),Table E-22,28,PDF table extraction (queue),,,
mumbai-suburban-railway,Mumbai,SUBURBAN_RAIL,Western Railway / Central Railway (Indian Railways); study commissioned by MRVC,Virar-Dhanu Road Line,vaitarna,Vaitarna,BOTH,ALL,2013-06-18,2013-06-18,peak hours,,3,queue_length_at_ticket_counters,persons queued; average minutes in queue,,,,,,,,,,,,1.0,1.0,3.0,2.0,2013-06-18,,,,station,directly_observed,counters and queue length observed at the stated survey date,Mumbai Sub-urban Rail Passenger Surveys and Analysis (Executive Summary),Table E-22,28,PDF table extraction (queue),,,
mumbai-suburban-railway,Mumbai,SUBURBAN_RAIL,Western Railway / Central Railway (Indian Railways); study commissioned by MRVC,Virar-Dhanu Road Line,saphale,Saphale,BOTH,ALL,2013-06-18,2013-06-18,peak hours,,8,queue_length_at_ticket_counters,persons queued; average minutes in queue,,,,,,,,,,,,3.0,3.0,8.0,4.0,2013-06-18,,,,station,directly_observed,counters and queue length observed at the stated survey date,Mumbai Sub-urban Rail Passenger Surveys and Analysis (Executive Summary),Table E-22,28,PDF table extraction (queue),,,
mumbai-suburban-railway,Mumbai,SUBURBAN_RAIL,Western Railway / Central Railway (Indian Railways); study commissioned by MRVC,Virar-Dhanu Road Line,kelve-road,Kelve Road,BOTH,ALL,2013-06-18,2013-06-18,peak hours,,4,queue_length_at_ticket_counters,persons queued; average minutes in queue,,,,,,,,,,,,1.0,1.0,4.0,2.0,2013-06-18,,,,station,directly_observed,counters and queue length observed at the stated survey date,Mumbai Sub-urban Rail Passenger Surveys and Analysis (Executive Summary),Table E-22,28,PDF table extraction (queue),,,
mumbai-suburban-railway,Mumbai,SUBURBAN_RAIL,Western Railway / Central Railway (Indian Railways); study commissioned by MRVC,Virar-Dhanu Road Line,palghar,Palghar,BOTH,ALL,2013-06-18,2013-06-18,peak hours,,7,queue_length_at_ticket_counters,persons queued; average minutes in queue,,,,,,,,,,,,4.0,3.0,7.0,4.0,2013-06-18,,,,station,directly_observed,counters and queue length observed at the stated survey date,Mumbai Sub-urban Rail Passenger Surveys and Analysis (Executive Summary),Table E-22,28,PDF table extraction (queue),,,
mumbai-suburban-railway,Mumbai,SUBURBAN_RAIL,Western Railway / Central Railway (Indian Railways); study commissioned by MRVC,Virar-Dhanu Road Line,umroli,Umroli,BOTH,ALL,2013-06-18,2013-06-18,peak hours,,4,queue_length_at_ticket_counters,persons queued; average minutes in queue,,,,,,,,,,,,1.0,1.0,4.0,2.0,2013-06-18,,,,station,directly_observed,counters and queue length observed at the stated survey date,Mumbai Sub-urban Rail Passenger Surveys and Analysis (Executive Summary),Table E-22,28,PDF table extraction (queue),,,
mumbai-suburban-railway,Mumbai,SUBURBAN_RAIL,Western Railway / Central Railway (Indian Railways); study commissioned by MRVC,Virar-Dhanu Road Line,boisar,Boisar,BOTH,ALL,2013-06-18,2013-06-18,peak hours,,12,queue_length_at_ticket_counters,persons queued; average minutes in queue,,,,,,,,,,,,6.0,2.0,12.0,6.0,2013-06-18,,,,station,directly_observed,counters and queue length observed at the stated survey date,Mumbai Sub-urban Rail Passenger Surveys and Analysis (Executive Summary),Table E-22,28,PDF table extraction (queue),,,
mumbai-suburban-railway,Mumbai,SUBURBAN_RAIL,Western Railway / Central Railway (Indian Railways); study commissioned by MRVC,Virar-Dhanu Road Line,vangaon,Vangaon,BOTH,ALL,2013-06-18,2013-06-18,peak hours,,6,queue_length_at_ticket_counters,persons queued; average minutes in queue,,,,,,,,,,,,3.0,1.0,6.0,3.0,2013-06-18,,,,station,directly_observed,counters and queue length observed at the stated survey date,Mumbai Sub-urban Rail Passenger Surveys and Analysis (Executive Summary),Table E-22,28,PDF table extraction (queue),,,
mumbai-suburban-railway,Mumbai,SUBURBAN_RAIL,Western Railway / Central Railway (Indian Railways); study commissioned by MRVC,Virar-Dhanu Road Line,dahanu-road,Dahanu Road,BOTH,ALL,2013-06-18,2013-06-18,peak hours,,10,queue_length_at_ticket_counters,persons queued; average minutes in queue,,,,,,,,,,,,7.0,4.0,10.0,5.0,2013-06-18,,,,station,directly_observed,counters and queue length observed at the stated survey date,Mumbai Sub-urban Rail Passenger Surveys and Analysis (Executive Summary),Table E-22,28,PDF table extraction (queue),,,
mumbai-suburban-railway,Mumbai,SUBURBAN_RAIL,Western Railway / Central Railway (Indian Railways); study commissioned by MRVC,Central Line,cst,CST,BOTH,ALL,2012-11-21,2012-11-21,peak hours,,28,queue_length_at_ticket_counters,persons queued; average minutes in queue,,,,,,,,,,,,26.0,12.0,28.0,14.0,2012-11-21,,,,station,directly_observed,counters and queue length observed at the stated survey date,Mumbai Sub-urban Rail Passenger Surveys and Analysis (Executive Summary),Table E-22,28,PDF table extraction (queue),,,
mumbai-suburban-railway,Mumbai,SUBURBAN_RAIL,Western Railway / Central Railway (Indian Railways); study commissioned by MRVC,Central Line,masjid,Masjid,BOTH,ALL,2012-11-21,2012-11-21,peak hours,,26,queue_length_at_ticket_counters,persons queued; average minutes in queue,,,,,,,,,,,,12.0,5.0,26.0,13.0,2012-11-21,,,,station,directly_observed,counters and queue length observed at the stated survey date,Mumbai Sub-urban Rail Passenger Surveys and Analysis (Executive Summary),Table E-22,28,PDF table extraction (queue),,,
mumbai-suburban-railway,Mumbai,SUBURBAN_RAIL,Western Railway / Central Railway (Indian Railways); study commissioned by MRVC,Central Line,byculla,Byculla,BOTH,ALL,2012-11-21,2012-11-21,peak hours,,29,queue_length_at_ticket_counters,persons queued; average minutes in queue,,,,,,,,,,,,12.0,7.0,29.0,15.0,2012-11-21,,,,station,directly_observed,counters and queue length observed at the stated survey date,Mumbai Sub-urban Rail Passenger Surveys and Analysis (Executive Summary),Table E-22,28,PDF table extraction (queue),,,
mumbai-suburban-railway,Mumbai,SUBURBAN_RAIL,Western Railway / Central Railway (Indian Railways); study commissioned by MRVC,Central Line,dadar-central,Dadar Central,BOTH,ALL,2012-11-21,2012-11-21,peak hours,,34,queue_length_at_ticket_counters,persons queued; average minutes in queue,,,,,,,,,,,,15.0,7.0,34.0,17.0,2012-11-21,,,,station,directly_observed,counters and queue length observed at the stated survey date,Mumbai Sub-urban Rail Passenger Surveys and Analysis (Executive Summary),Table E-22,28,PDF table extraction (queue),,,
mumbai-suburban-railway,Mumbai,SUBURBAN_RAIL,Western Railway / Central Railway (Indian Railways); study commissioned by MRVC,Central Line,kurla,Kurla,BOTH,ALL,2012-11-21,2012-11-21,peak hours,,41,queue_length_at_ticket_counters,persons queued; average minutes in queue,,,,,,,,,,,,16.0,9.0,41.0,20.0,2012-11-21,,,,station,directly_observed,counters and queue length observed at the stated survey date,Mumbai Sub-urban Rail Passenger Surveys and Analysis (Executive Summary),Table E-22,28,PDF table extraction (queue),,,
mumbai-suburban-railway,Mumbai,SUBURBAN_RAIL,Western Railway / Central Railway (Indian Railways); study commissioned by MRVC,Central Line,ghatkopar,Ghatkopar,BOTH,ALL,2012-11-21,2012-11-21,peak hours,,40,queue_length_at_ticket_counters,persons queued; average minutes in queue,,,,,,,,,,,,16.0,12.0,40.0,20.0,2012-11-21,,,,station,directly_observed,counters and queue length observed at the stated survey date,Mumbai Sub-urban Rail Passenger Surveys and Analysis (Executive Summary),Table E-22,28,PDF table extraction (queue),,,
mumbai-suburban-railway,Mumbai,SUBURBAN_RAIL,Western Railway / Central Railway (Indian Railways); study commissioned by MRVC,Central Line,bhandup,Bhandup,BOTH,ALL,2012-11-21,2012-11-21,peak hours,,40,queue_length_at_ticket_counters,persons queued; average minutes in queue,,,,,,,,,,,,9.0,7.0,40.0,20.0,2012-11-21,,,,station,directly_observed,counters and queue length observed at the stated survey date,Mumbai Sub-urban Rail Passenger Surveys and Analysis (Executive Summary),Table E-22,28,PDF table extraction (queue),,,
mumbai-suburban-railway,Mumbai,SUBURBAN_RAIL,Western Railway / Central Railway (Indian Railways); study commissioned by MRVC,Central Line,mulund,Mulund,BOTH,ALL,2012-11-21,2012-11-21,peak hours,,39,queue_length_at_ticket_counters,persons queued; average minutes in queue,,,,,,,,,,,,14.0,8.0,39.0,20.0,2012-11-21,,,,station,directly_observed,counters and queue length observed at the stated survey date,Mumbai Sub-urban Rail Passenger Surveys and Analysis (Executive Summary),Table E-22,28,PDF table extraction (queue),,,
mumbai-suburban-railway,Mumbai,SUBURBAN_RAIL,Western Railway / Central Railway (Indian Railways); study commissioned by MRVC,Central Line,thane,Thane,BOTH,ALL,2012-11-21,2012-11-21,peak hours,,33,queue_length_at_ticket_counters,persons queued; average minutes in queue,,,,,,,,,,,,26.0,21.0,33.0,17.0,2012-11-21,,,,station,directly_observed,counters and queue length observed at the stated survey date,Mumbai Sub-urban Rail Passenger Surveys and Analysis (Executive Summary),Table E-22,28,PDF table extraction (queue),,,
mumbai-suburban-railway,Mumbai,SUBURBAN_RAIL,Western Railway / Central Railway (Indian Railways); study commissioned by MRVC,Central Line,dombivilli,Dombivilli,BOTH,ALL,2012-11-21,2012-11-21,peak hours,,37,queue_length_at_ticket_counters,persons queued; average minutes in queue,,,,,,,,,,,,18.0,12.0,37.0,19.0,2012-11-21,,,,station,directly_observed,counters and queue length observed at the stated survey date,Mumbai Sub-urban Rail Passenger Surveys and Analysis (Executive Summary),Table E-22,28,PDF table extraction (queue),,,
mumbai-suburban-railway,Mumbai,SUBURBAN_RAIL,Western Railway / Central Railway (Indian Railways); study commissioned by MRVC,Central Line,kalyan,Kalyan,BOTH,ALL,2012-11-21,2012-11-21,peak hours,,45,queue_length_at_ticket_counters,persons queued; average minutes in queue,,,,,,,,,,,,15.0,8.0,45.0,23.0,2012-11-21,,,,station,directly_observed,counters and queue length observed at the stated survey date,Mumbai Sub-urban Rail Passenger Surveys and Analysis (Executive Summary),Table E-22,28,PDF table extraction (queue),,,
mumbai-suburban-railway,Mumbai,SUBURBAN_RAIL,Western Railway / Central Railway (Indian Railways); study commissioned by MRVC,Central Line,kasara,Kasara,BOTH,ALL,2012-11-21,2012-11-21,peak hours,,32,queue_length_at_ticket_counters,persons queued; average minutes in queue,,,,,,,,,,,,3.0,2.0,32.0,16.0,2012-11-21,,,,station,directly_observed,counters and queue length observed at the stated survey date,Mumbai Sub-urban Rail Passenger Surveys and Analysis (Executive Summary),Table E-22,28,PDF table extraction (queue),,,
mumbai-suburban-railway,Mumbai,SUBURBAN_RAIL,Western Railway / Central Railway (Indian Railways); study commissioned by MRVC,Central Line,karjat,Karjat,BOTH,ALL,2012-11-21,2012-11-21,peak hours,,29,queue_length_at_ticket_counters,persons queued; average minutes in queue,,,,,,,,,,,,3.0,2.0,29.0,14.0,2012-11-21,,,,station,directly_observed,counters and queue length observed at the stated survey date,Mumbai Sub-urban Rail Passenger Surveys and Analysis (Executive Summary),Table E-22,28,PDF table extraction (queue),,,
mumbai-suburban-railway,Mumbai,SUBURBAN_RAIL,Western Railway / Central Railway (Indian Railways); study commissioned by MRVC,Central Line,khopoli,Khopoli,BOTH,ALL,2012-11-21,2012-11-21,peak hours,,26,queue_length_at_ticket_counters,persons queued; average minutes in queue,,,,,,,,,,,,2.0,1.0,26.0,13.0,2012-11-21,,,,station,directly_observed,counters and queue length observed at the stated survey date,Mumbai Sub-urban Rail Passenger Surveys and Analysis (Executive Summary),Table E-22,28,PDF table extraction (queue),,,
mumbai-suburban-railway,Mumbai,SUBURBAN_RAIL,Western Railway / Central Railway (Indian Railways); study commissioned by MRVC,Harbour Line,vadala,Vadala,BOTH,ALL,2012-11-21,2012-11-21,peak hours,,40,queue_length_at_ticket_counters,persons queued; average minutes in queue,,,,,,,,,,,,10.0,7.0,40.0,20.0,2012-11-21,,,,station,directly_observed,counters and queue length observed at the stated survey date,Mumbai Sub-urban Rail Passenger Surveys and Analysis (Executive Summary),Table E-22,28,PDF table extraction (queue),,,
mumbai-suburban-railway,Mumbai,SUBURBAN_RAIL,Western Railway / Central Railway (Indian Railways); study commissioned by MRVC,Harbour Line,gtb-nagar,GTB Nagar,BOTH,ALL,2012-11-21,2012-11-21,peak hours,,27,queue_length_at_ticket_counters,persons queued; average minutes in queue,,,,,,,,,,,,8.0,7.0,27.0,15.0,2012-11-21,,,,station,directly_observed,counters and queue length observed at the stated survey date,Mumbai Sub-urban Rail Passenger Surveys and Analysis (Executive Summary),Table E-22,28,PDF table extraction (queue),,,
mumbai-suburban-railway,Mumbai,SUBURBAN_RAIL,Western Railway / Central Railway (Indian Railways); study commissioned by MRVC,Harbour Line,chembur,Chembur,BOTH,ALL,2012-11-21,2012-11-21,peak hours,,40,queue_length_at_ticket_counters,persons queued; average minutes in queue,,,,,,,,,,,,8.0,6.0,40.0,20.0,2012-11-21,,,,station,directly_observed,counters and queue length observed at the stated survey date,Mumbai Sub-urban Rail Passenger Surveys and Analysis (Executive Summary),Table E-22,28,PDF table extraction (queue),,,
mumbai-suburban-railway,Mumbai,SUBURBAN_RAIL,Western Railway / Central Railway (Indian Railways); study commissioned by MRVC,Harbour Line,govandi,Govandi,BOTH,ALL,2012-11-21,2012-11-21,peak hours,,40,queue_length_at_ticket_counters,persons queued; average minutes in queue,,,,,,,,,,,,12.0,5.0,40.0,20.0,2012-11-21,,,,station,directly_observed,counters and queue length observed at the stated survey date,Mumbai Sub-urban Rail Passenger Surveys and Analysis (Executive Summary),Table E-22,28,PDF table extraction (queue),,,
mumbai-suburban-railway,Mumbai,SUBURBAN_RAIL,Western Railway / Central Railway (Indian Railways); study commissioned by MRVC,Harbour Line,vashi,Vashi,BOTH,ALL,2012-11-21,2012-11-21,peak hours,,43,queue_length_at_ticket_counters,persons queued; average minutes in queue,,,,,,,,,,,,8.0,6.0,43.0,22.0,2012-11-21,,,,station,directly_observed,counters and queue length observed at the stated survey date,Mumbai Sub-urban Rail Passenger Surveys and Analysis (Executive Summary),Table E-22,28,PDF table extraction (queue),,,
mumbai-suburban-railway,Mumbai,SUBURBAN_RAIL,Western Railway / Central Railway (Indian Railways); study commissioned by MRVC,Harbour Line,nerul,Nerul,BOTH,ALL,2012-11-21,2012-11-21,peak hours,,39,queue_length_at_ticket_counters,persons queued; average minutes in queue,,,,,,,,,,,,16.0,5.0,39.0,20.0,2012-11-21,,,,station,directly_observed,counters and queue length observed at the stated survey date,Mumbai Sub-urban Rail Passenger Surveys and Analysis (Executive Summary),Table E-22,28,PDF table extraction (queue),,,
mumbai-suburban-railway,Mumbai,SUBURBAN_RAIL,Western Railway / Central Railway (Indian Railways); study commissioned by MRVC,Harbour Line,belapur,Belapur,BOTH,ALL,2012-11-21,2012-11-21,peak hours,,39,queue_length_at_ticket_counters,persons queued; average minutes in queue,,,,,,,,,,,,10.0,3.0,39.0,20.0,2012-11-21,,,,station,directly_observed,counters and queue length observed at the stated survey date,Mumbai Sub-urban Rail Passenger Surveys and Analysis (Executive Summary),Table E-22,28,PDF table extraction (queue),,,
mumbai-suburban-railway,Mumbai,SUBURBAN_RAIL,Western Railway / Central Railway (Indian Railways); study commissioned by MRVC,Harbour Line,karghar,Karghar,BOTH,ALL,2012-11-21,2012-11-21,peak hours,,27,queue_length_at_ticket_counters,persons queued; average minutes in queue,,,,,,,,,,,,7.0,4.0,27.0,14.0,2012-11-21,,,,station,directly_observed,counters and queue length observed at the stated survey date,Mumbai Sub-urban Rail Passenger Surveys and Analysis (Executive Summary),Table E-22,28,PDF table extraction (queue),,,
mumbai-suburban-railway,Mumbai,SUBURBAN_RAIL,Western Railway / Central Railway (Indian Railways); study commissioned by MRVC,Harbour Line,panvel,Panvel,BOTH,ALL,2012-11-21,2012-11-21,peak hours,,25,queue_length_at_ticket_counters,persons queued; average minutes in queue,,,,,,,,,,,,7.0,5.0,25.0,15.0,2012-11-21,,,,station,directly_observed,counters and queue length observed at the stated survey date,Mumbai Sub-urban Rail Passenger Surveys and Analysis (Executive Summary),Table E-22,28,PDF table extraction (queue),,,
mumbai-suburban-railway,Mumbai,SUBURBAN_RAIL,Western Railway / Central Railway (Indian Railways); study commissioned by MRVC,Harbour Line,airoli,Airoli,BOTH,ALL,2012-11-21,2012-11-21,peak hours,,36,queue_length_at_ticket_counters,persons queued; average minutes in queue,,,,,,,,,,,,10.0,5.0,36.0,18.0,2012-11-21,,,,station,directly_observed,counters and queue length observed at the stated survey date,Mumbai Sub-urban Rail Passenger Surveys and Analysis (Executive Summary),Table E-22,28,PDF table extraction (queue),,,
mumbai-suburban-railway,Mumbai,SUBURBAN_RAIL,Western Railway / Central Railway (Indian Railways); study commissioned by MRVC,Harbour Line,turbe,Turbe,BOTH,ALL,2012-11-21,2012-11-21,peak hours,,39,queue_length_at_ticket_counters,persons queued; average minutes in queue,,,,,,,,,,,,8.0,3.0,39.0,20.0,2012-11-21,,,,station,directly_observed,counters and queue length observed at the stated survey date,Mumbai Sub-urban Rail Passenger Surveys and Analysis (Executive Summary),Table E-22,28,PDF table extraction (queue),,,
